timeline_id,bin_early,bin_late,morphotype
individualtimelinenode_40f5222c-4060-4b23-8623-81944b44844f,7500,7000,pediastrum
individualtimelinenode_40f5222c-4060-4b23-8623-81944b44844f,8000,7500,pediastrum
individualtimelinenode_40f5222c-4060-4b23-8623-81944b44844f,8500,8000,pediastrum
individualtimelinenode_40f5222c-4060-4b23-8623-81944b44844f,9000,8500,pediastrum
individualtimelinenode_40f5222c-4060-4b23-8623-81944b44844f,9500,9000,pediastrum
individualtimelinenode_40f5222c-4060-4b23-8623-81944b44844f,10000,9500,pediastrum
individualtimelinenode_40f5222c-4060-4b23-8623-81944b44844f,10500,10000,pediastrum
individualtimelinenode_40f5222c-4060-4b23-8623-81944b44844f,11000,10500,pediastrum
individualtimelinenode_40f5222c-4060-4b23-8623-81944b44844f,11500,11000,pediastrum
individualtimelinenode_40f5222c-4060-4b23-8623-81944b44844f,12000,11500,pediastrum
individualtimelinenode_40f5222c-4060-4b23-8623-81944b44844f,12500,12000,pediastrum
individualtimelinenode_40f5222c-4060-4b23-8623-81944b44844f,7500,7000,betula nana
individualtimelinenode_40f5222c-4060-4b23-8623-81944b44844f,7500,7000,cyperaceae
individualtimelinenode_40f5222c-4060-4b23-8623-81944b44844f,7500,7000,empetrum
individualtimelinenode_40f5222c-4060-4b23-8623-81944b44844f,7500,7000,ericales undiff.
individualtimelinenode_40f5222c-4060-4b23-8623-81944b44844f,7500,7000,gramineae
individualtimelinenode_40f5222c-4060-4b23-8623-81944b44844f,7500,7000,salix arctica
individualtimelinenode_40f5222c-4060-4b23-8623-81944b44844f,8000,7500,betula nana
individualtimelinenode_40f5222c-4060-4b23-8623-81944b44844f,8000,7500,cyperaceae
individualtimelinenode_40f5222c-4060-4b23-8623-81944b44844f,8000,7500,empetrum
individualtimelinenode_40f5222c-4060-4b23-8623-81944b44844f,8000,7500,ericales undiff.
individualtimelinenode_40f5222c-4060-4b23-8623-81944b44844f,8000,7500,gramineae
individualtimelinenode_40f5222c-4060-4b23-8623-81944b44844f,8000,7500,salix arctica
individualtimelinenode_40f5222c-4060-4b23-8623-81944b44844f,8500,8000,betula nana
individualtimelinenode_40f5222c-4060-4b23-8623-81944b44844f,8500,8000,cyperaceae
individualtimelinenode_40f5222c-4060-4b23-8623-81944b44844f,8500,8000,empetrum
individualtimelinenode_40f5222c-4060-4b23-8623-81944b44844f,8500,8000,ericales undiff.
individualtimelinenode_40f5222c-4060-4b23-8623-81944b44844f,8500,8000,gramineae
individualtimelinenode_40f5222c-4060-4b23-8623-81944b44844f,8500,8000,salix arctica
individualtimelinenode_40f5222c-4060-4b23-8623-81944b44844f,8500,8000,cassiope
individualtimelinenode_40f5222c-4060-4b23-8623-81944b44844f,8500,8000,oxyria
individualtimelinenode_40f5222c-4060-4b23-8623-81944b44844f,8500,8000,salix herbacea
individualtimelinenode_40f5222c-4060-4b23-8623-81944b44844f,8500,8000,saxifraga oppositifolia
individualtimelinenode_40f5222c-4060-4b23-8623-81944b44844f,9000,8500,betula nana
individualtimelinenode_40f5222c-4060-4b23-8623-81944b44844f,9000,8500,cyperaceae
individualtimelinenode_40f5222c-4060-4b23-8623-81944b44844f,9000,8500,empetrum
individualtimelinenode_40f5222c-4060-4b23-8623-81944b44844f,9000,8500,ericales undiff.
individualtimelinenode_40f5222c-4060-4b23-8623-81944b44844f,9000,8500,gramineae
individualtimelinenode_40f5222c-4060-4b23-8623-81944b44844f,9000,8500,salix arctica
individualtimelinenode_40f5222c-4060-4b23-8623-81944b44844f,9000,8500,cassiope
individualtimelinenode_40f5222c-4060-4b23-8623-81944b44844f,9000,8500,oxyria
individualtimelinenode_40f5222c-4060-4b23-8623-81944b44844f,9000,8500,salix herbacea
individualtimelinenode_40f5222c-4060-4b23-8623-81944b44844f,9000,8500,saxifraga oppositifolia
individualtimelinenode_40f5222c-4060-4b23-8623-81944b44844f,9500,9000,betula nana
individualtimelinenode_40f5222c-4060-4b23-8623-81944b44844f,9500,9000,cassiope
individualtimelinenode_40f5222c-4060-4b23-8623-81944b44844f,9500,9000,ericales undiff.
individualtimelinenode_40f5222c-4060-4b23-8623-81944b44844f,9500,9000,gramineae
individualtimelinenode_40f5222c-4060-4b23-8623-81944b44844f,9500,9000,oxyria
individualtimelinenode_40f5222c-4060-4b23-8623-81944b44844f,9500,9000,salix arctica
individualtimelinenode_40f5222c-4060-4b23-8623-81944b44844f,9500,9000,salix herbacea
individualtimelinenode_40f5222c-4060-4b23-8623-81944b44844f,9500,9000,saxifraga oppositifolia
individualtimelinenode_40f5222c-4060-4b23-8623-81944b44844f,9500,9000,caryophyllaceae
individualtimelinenode_40f5222c-4060-4b23-8623-81944b44844f,9500,9000,cyperaceae
individualtimelinenode_40f5222c-4060-4b23-8623-81944b44844f,9500,9000,koenigia islandica
individualtimelinenode_40f5222c-4060-4b23-8623-81944b44844f,10000,9500,betula nana
individualtimelinenode_40f5222c-4060-4b23-8623-81944b44844f,10000,9500,caryophyllaceae
individualtimelinenode_40f5222c-4060-4b23-8623-81944b44844f,10000,9500,cyperaceae
individualtimelinenode_40f5222c-4060-4b23-8623-81944b44844f,10000,9500,gramineae
individualtimelinenode_40f5222c-4060-4b23-8623-81944b44844f,10000,9500,koenigia islandica
individualtimelinenode_40f5222c-4060-4b23-8623-81944b44844f,10000,9500,oxyria
individualtimelinenode_40f5222c-4060-4b23-8623-81944b44844f,10000,9500,salix arctica
individualtimelinenode_40f5222c-4060-4b23-8623-81944b44844f,10000,9500,salix herbacea
individualtimelinenode_40f5222c-4060-4b23-8623-81944b44844f,10500,10000,betula nana
individualtimelinenode_40f5222c-4060-4b23-8623-81944b44844f,10500,10000,caryophyllaceae
individualtimelinenode_40f5222c-4060-4b23-8623-81944b44844f,10500,10000,cyperaceae
individualtimelinenode_40f5222c-4060-4b23-8623-81944b44844f,10500,10000,gramineae
individualtimelinenode_40f5222c-4060-4b23-8623-81944b44844f,10500,10000,koenigia islandica
individualtimelinenode_40f5222c-4060-4b23-8623-81944b44844f,10500,10000,oxyria
individualtimelinenode_40f5222c-4060-4b23-8623-81944b44844f,10500,10000,salix arctica
individualtimelinenode_40f5222c-4060-4b23-8623-81944b44844f,10500,10000,salix herbacea
individualtimelinenode_40f5222c-4060-4b23-8623-81944b44844f,10500,10000,cassiope
individualtimelinenode_40f5222c-4060-4b23-8623-81944b44844f,10500,10000,ranunculus
individualtimelinenode_40f5222c-4060-4b23-8623-81944b44844f,11000,10500,betula nana
individualtimelinenode_40f5222c-4060-4b23-8623-81944b44844f,11000,10500,caryophyllaceae
individualtimelinenode_40f5222c-4060-4b23-8623-81944b44844f,11000,10500,cassiope
individualtimelinenode_40f5222c-4060-4b23-8623-81944b44844f,11000,10500,gramineae
individualtimelinenode_40f5222c-4060-4b23-8623-81944b44844f,11000,10500,oxyria
individualtimelinenode_40f5222c-4060-4b23-8623-81944b44844f,11000,10500,ranunculus
individualtimelinenode_40f5222c-4060-4b23-8623-81944b44844f,11000,10500,salix herbacea
individualtimelinenode_40f5222c-4060-4b23-8623-81944b44844f,11000,10500,comp. t.
individualtimelinenode_40f5222c-4060-4b23-8623-81944b44844f,11000,10500,cruciferae
individualtimelinenode_40f5222c-4060-4b23-8623-81944b44844f,11000,10500,cyperaceae
individualtimelinenode_40f5222c-4060-4b23-8623-81944b44844f,11000,10500,filpendula
individualtimelinenode_40f5222c-4060-4b23-8623-81944b44844f,11000,10500,saxifraga oppositifolia
individualtimelinenode_40f5222c-4060-4b23-8623-81944b44844f,11500,11000,caryophyllaceae
individualtimelinenode_40f5222c-4060-4b23-8623-81944b44844f,11500,11000,comp. t.
individualtimelinenode_40f5222c-4060-4b23-8623-81944b44844f,11500,11000,cruciferae
individualtimelinenode_40f5222c-4060-4b23-8623-81944b44844f,11500,11000,cyperaceae
individualtimelinenode_40f5222c-4060-4b23-8623-81944b44844f,11500,11000,filpendula
individualtimelinenode_40f5222c-4060-4b23-8623-81944b44844f,11500,11000,gramineae
individualtimelinenode_40f5222c-4060-4b23-8623-81944b44844f,11500,11000,oxyria
individualtimelinenode_40f5222c-4060-4b23-8623-81944b44844f,11500,11000,salix herbacea
individualtimelinenode_40f5222c-4060-4b23-8623-81944b44844f,11500,11000,saxifraga oppositifolia
individualtimelinenode_40f5222c-4060-4b23-8623-81944b44844f,12000,11500,caryophyllaceae
individualtimelinenode_40f5222c-4060-4b23-8623-81944b44844f,12000,11500,gramineae
individualtimelinenode_40f5222c-4060-4b23-8623-81944b44844f,12000,11500,oxyria
individualtimelinenode_40f5222c-4060-4b23-8623-81944b44844f,12000,11500,salix herbacea
individualtimelinenode_40f5222c-4060-4b23-8623-81944b44844f,12500,12000,caryophyllaceae
individualtimelinenode_40f5222c-4060-4b23-8623-81944b44844f,12500,12000,gramineae
individualtimelinenode_40f5222c-4060-4b23-8623-81944b44844f,12500,12000,oxyria
individualtimelinenode_40f5222c-4060-4b23-8623-81944b44844f,12500,12000,salix herbacea
individualtimelinenode_48d66bcb-89ff-4d3f-8713-057de0eb592b,500,0,Alnus
individualtimelinenode_48d66bcb-89ff-4d3f-8713-057de0eb592b,500,0,Betula
individualtimelinenode_48d66bcb-89ff-4d3f-8713-057de0eb592b,500,0,Cassiope-Harrimanella
individualtimelinenode_48d66bcb-89ff-4d3f-8713-057de0eb592b,500,0,Cyperaceae
individualtimelinenode_48d66bcb-89ff-4d3f-8713-057de0eb592b,500,0,Diphasium
individualtimelinenode_48d66bcb-89ff-4d3f-8713-057de0eb592b,500,0,Dryopteris t.
individualtimelinenode_48d66bcb-89ff-4d3f-8713-057de0eb592b,500,0,Empetrum hermap
individualtimelinenode_48d66bcb-89ff-4d3f-8713-057de0eb592b,500,0,Gramineae
individualtimelinenode_48d66bcb-89ff-4d3f-8713-057de0eb592b,500,0,Gymnocarpium dryopt.
individualtimelinenode_48d66bcb-89ff-4d3f-8713-057de0eb592b,500,0,Huperzia selago
individualtimelinenode_48d66bcb-89ff-4d3f-8713-057de0eb592b,500,0,Lycopodium dubium
individualtimelinenode_48d66bcb-89ff-4d3f-8713-057de0eb592b,500,0,Rhododendron t.
individualtimelinenode_48d66bcb-89ff-4d3f-8713-057de0eb592b,500,0,Salix glauca t.
individualtimelinenode_48d66bcb-89ff-4d3f-8713-057de0eb592b,500,0,Artemisia
individualtimelinenode_48d66bcb-89ff-4d3f-8713-057de0eb592b,500,0,Cerastium-Stellaria t.
individualtimelinenode_48d66bcb-89ff-4d3f-8713-057de0eb592b,1000,500,Alnus
individualtimelinenode_48d66bcb-89ff-4d3f-8713-057de0eb592b,1000,500,Artemisia
individualtimelinenode_48d66bcb-89ff-4d3f-8713-057de0eb592b,1000,500,Betula
individualtimelinenode_48d66bcb-89ff-4d3f-8713-057de0eb592b,1000,500,Cyperaceae
individualtimelinenode_48d66bcb-89ff-4d3f-8713-057de0eb592b,1000,500,Diphasium
individualtimelinenode_48d66bcb-89ff-4d3f-8713-057de0eb592b,1000,500,Empetrum hermap
individualtimelinenode_48d66bcb-89ff-4d3f-8713-057de0eb592b,1000,500,Gramineae
individualtimelinenode_48d66bcb-89ff-4d3f-8713-057de0eb592b,1000,500,Huperzia selago
individualtimelinenode_48d66bcb-89ff-4d3f-8713-057de0eb592b,1000,500,Salix glauca t.
individualtimelinenode_48d66bcb-89ff-4d3f-8713-057de0eb592b,1000,500,Cerastium-Stellaria t.
individualtimelinenode_48d66bcb-89ff-4d3f-8713-057de0eb592b,1000,500,Lycopodium dubium
individualtimelinenode_48d66bcb-89ff-4d3f-8713-057de0eb592b,1000,500,Gymnocarpium dryopt.
individualtimelinenode_48d66bcb-89ff-4d3f-8713-057de0eb592b,1000,500,Potentilla-Comarum t.
individualtimelinenode_48d66bcb-89ff-4d3f-8713-057de0eb592b,1000,500,Salix herbacaea t.
individualtimelinenode_48d66bcb-89ff-4d3f-8713-057de0eb592b,1500,1000,Alnus
individualtimelinenode_48d66bcb-89ff-4d3f-8713-057de0eb592b,1500,1000,Betula
individualtimelinenode_48d66bcb-89ff-4d3f-8713-057de0eb592b,1500,1000,Cyperaceae
individualtimelinenode_48d66bcb-89ff-4d3f-8713-057de0eb592b,1500,1000,Diphasium
individualtimelinenode_48d66bcb-89ff-4d3f-8713-057de0eb592b,1500,1000,Empetrum hermap
individualtimelinenode_48d66bcb-89ff-4d3f-8713-057de0eb592b,1500,1000,Gramineae
individualtimelinenode_48d66bcb-89ff-4d3f-8713-057de0eb592b,1500,1000,Salix glauca t.
individualtimelinenode_48d66bcb-89ff-4d3f-8713-057de0eb592b,1500,1000,Gymnocarpium dryopt.
individualtimelinenode_48d66bcb-89ff-4d3f-8713-057de0eb592b,1500,1000,Huperzia selago
individualtimelinenode_48d66bcb-89ff-4d3f-8713-057de0eb592b,1500,1000,Potentilla-Comarum t.
individualtimelinenode_48d66bcb-89ff-4d3f-8713-057de0eb592b,1500,1000,Salix herbacaea t.
individualtimelinenode_48d66bcb-89ff-4d3f-8713-057de0eb592b,1500,1000,Equisetum
individualtimelinenode_48d66bcb-89ff-4d3f-8713-057de0eb592b,1500,1000,Oxyria digyna
individualtimelinenode_48d66bcb-89ff-4d3f-8713-057de0eb592b,1500,1000,Lycopodium dubium
individualtimelinenode_48d66bcb-89ff-4d3f-8713-057de0eb592b,2000,1500,Alnus
individualtimelinenode_48d66bcb-89ff-4d3f-8713-057de0eb592b,2000,1500,Betula
individualtimelinenode_48d66bcb-89ff-4d3f-8713-057de0eb592b,2000,1500,Cyperaceae
individualtimelinenode_48d66bcb-89ff-4d3f-8713-057de0eb592b,2000,1500,Diphasium
individualtimelinenode_48d66bcb-89ff-4d3f-8713-057de0eb592b,2000,1500,Empetrum hermap
individualtimelinenode_48d66bcb-89ff-4d3f-8713-057de0eb592b,2000,1500,Equisetum
individualtimelinenode_48d66bcb-89ff-4d3f-8713-057de0eb592b,2000,1500,Gramineae
individualtimelinenode_48d66bcb-89ff-4d3f-8713-057de0eb592b,2000,1500,Oxyria digyna
individualtimelinenode_48d66bcb-89ff-4d3f-8713-057de0eb592b,2000,1500,Salix glauca t.
individualtimelinenode_48d66bcb-89ff-4d3f-8713-057de0eb592b,2000,1500,Lycopodium dubium
individualtimelinenode_48d66bcb-89ff-4d3f-8713-057de0eb592b,2000,1500,Salix herbacaea t.
individualtimelinenode_48d66bcb-89ff-4d3f-8713-057de0eb592b,2000,1500,Juniperus communis
individualtimelinenode_48d66bcb-89ff-4d3f-8713-057de0eb592b,2000,1500,Picea
individualtimelinenode_48d66bcb-89ff-4d3f-8713-057de0eb592b,2000,1500,Gymnocarpium dryopt.
individualtimelinenode_48d66bcb-89ff-4d3f-8713-057de0eb592b,2500,2000,Alnus
individualtimelinenode_48d66bcb-89ff-4d3f-8713-057de0eb592b,2500,2000,Betula
individualtimelinenode_48d66bcb-89ff-4d3f-8713-057de0eb592b,2500,2000,Cyperaceae
individualtimelinenode_48d66bcb-89ff-4d3f-8713-057de0eb592b,2500,2000,Diphasium
individualtimelinenode_48d66bcb-89ff-4d3f-8713-057de0eb592b,2500,2000,Empetrum hermap
individualtimelinenode_48d66bcb-89ff-4d3f-8713-057de0eb592b,2500,2000,Equisetum
individualtimelinenode_48d66bcb-89ff-4d3f-8713-057de0eb592b,2500,2000,Gramineae
individualtimelinenode_48d66bcb-89ff-4d3f-8713-057de0eb592b,2500,2000,Salix glauca t.
individualtimelinenode_48d66bcb-89ff-4d3f-8713-057de0eb592b,2500,2000,Juniperus communis
individualtimelinenode_48d66bcb-89ff-4d3f-8713-057de0eb592b,2500,2000,Picea
individualtimelinenode_48d66bcb-89ff-4d3f-8713-057de0eb592b,2500,2000,Salix herbacaea t.
individualtimelinenode_48d66bcb-89ff-4d3f-8713-057de0eb592b,2500,2000,Gymnocarpium dryopt.
individualtimelinenode_48d66bcb-89ff-4d3f-8713-057de0eb592b,2500,2000,Lycopodium dubium
individualtimelinenode_48d66bcb-89ff-4d3f-8713-057de0eb592b,3000,2500,Alnus
individualtimelinenode_48d66bcb-89ff-4d3f-8713-057de0eb592b,3000,2500,Betula
individualtimelinenode_48d66bcb-89ff-4d3f-8713-057de0eb592b,3000,2500,Cyperaceae
individualtimelinenode_48d66bcb-89ff-4d3f-8713-057de0eb592b,3000,2500,Diphasium
individualtimelinenode_48d66bcb-89ff-4d3f-8713-057de0eb592b,3000,2500,Empetrum hermap
individualtimelinenode_48d66bcb-89ff-4d3f-8713-057de0eb592b,3000,2500,Gramineae
individualtimelinenode_48d66bcb-89ff-4d3f-8713-057de0eb592b,3000,2500,Gymnocarpium dryopt.
individualtimelinenode_48d66bcb-89ff-4d3f-8713-057de0eb592b,3000,2500,Lycopodium dubium
individualtimelinenode_48d66bcb-89ff-4d3f-8713-057de0eb592b,3000,2500,Salix glauca t.
individualtimelinenode_48d66bcb-89ff-4d3f-8713-057de0eb592b,3000,2500,Picea
individualtimelinenode_48d66bcb-89ff-4d3f-8713-057de0eb592b,3000,2500,Loiseleuria procumbens
individualtimelinenode_48d66bcb-89ff-4d3f-8713-057de0eb592b,3000,2500,Salix herbacaea t.
individualtimelinenode_48d66bcb-89ff-4d3f-8713-057de0eb592b,3500,3000,Alnus
individualtimelinenode_48d66bcb-89ff-4d3f-8713-057de0eb592b,3500,3000,Betula
individualtimelinenode_48d66bcb-89ff-4d3f-8713-057de0eb592b,3500,3000,Cyperaceae
individualtimelinenode_48d66bcb-89ff-4d3f-8713-057de0eb592b,3500,3000,Empetrum hermap
individualtimelinenode_48d66bcb-89ff-4d3f-8713-057de0eb592b,3500,3000,Gramineae
individualtimelinenode_48d66bcb-89ff-4d3f-8713-057de0eb592b,3500,3000,Lycopodium dubium
individualtimelinenode_48d66bcb-89ff-4d3f-8713-057de0eb592b,3500,3000,Picea
individualtimelinenode_48d66bcb-89ff-4d3f-8713-057de0eb592b,3500,3000,Salix glauca t.
individualtimelinenode_48d66bcb-89ff-4d3f-8713-057de0eb592b,3500,3000,Diphasium
individualtimelinenode_48d66bcb-89ff-4d3f-8713-057de0eb592b,3500,3000,Loiseleuria procumbens
individualtimelinenode_48d66bcb-89ff-4d3f-8713-057de0eb592b,3500,3000,Salix herbacaea t.
individualtimelinenode_48d66bcb-89ff-4d3f-8713-057de0eb592b,3500,3000,Gymnocarpium dryopt.
individualtimelinenode_48d66bcb-89ff-4d3f-8713-057de0eb592b,3500,3000,Juniperus communis
individualtimelinenode_48d66bcb-89ff-4d3f-8713-057de0eb592b,4000,3500,Betula
individualtimelinenode_48d66bcb-89ff-4d3f-8713-057de0eb592b,4000,3500,Cyperaceae
individualtimelinenode_48d66bcb-89ff-4d3f-8713-057de0eb592b,4000,3500,Diphasium
individualtimelinenode_48d66bcb-89ff-4d3f-8713-057de0eb592b,4000,3500,Empetrum hermap
individualtimelinenode_48d66bcb-89ff-4d3f-8713-057de0eb592b,4000,3500,Gramineae
individualtimelinenode_48d66bcb-89ff-4d3f-8713-057de0eb592b,4000,3500,Salix glauca t.
individualtimelinenode_48d66bcb-89ff-4d3f-8713-057de0eb592b,4000,3500,Alnus
individualtimelinenode_48d66bcb-89ff-4d3f-8713-057de0eb592b,4000,3500,Gymnocarpium dryopt.
individualtimelinenode_48d66bcb-89ff-4d3f-8713-057de0eb592b,4000,3500,Juniperus communis
individualtimelinenode_48d66bcb-89ff-4d3f-8713-057de0eb592b,4000,3500,Lycopodium dubium
individualtimelinenode_48d66bcb-89ff-4d3f-8713-057de0eb592b,4000,3500,Picea
individualtimelinenode_48d66bcb-89ff-4d3f-8713-057de0eb592b,4500,4000,Alnus
individualtimelinenode_48d66bcb-89ff-4d3f-8713-057de0eb592b,4500,4000,Betula
individualtimelinenode_48d66bcb-89ff-4d3f-8713-057de0eb592b,4500,4000,Cyperaceae
individualtimelinenode_48d66bcb-89ff-4d3f-8713-057de0eb592b,4500,4000,Diphasium
individualtimelinenode_48d66bcb-89ff-4d3f-8713-057de0eb592b,4500,4000,Empetrum hermap
individualtimelinenode_48d66bcb-89ff-4d3f-8713-057de0eb592b,4500,4000,Gramineae
individualtimelinenode_48d66bcb-89ff-4d3f-8713-057de0eb592b,4500,4000,Gymnocarpium dryopt.
individualtimelinenode_48d66bcb-89ff-4d3f-8713-057de0eb592b,4500,4000,Lycopodium dubium
individualtimelinenode_48d66bcb-89ff-4d3f-8713-057de0eb592b,4500,4000,Salix glauca t.
individualtimelinenode_48d66bcb-89ff-4d3f-8713-057de0eb592b,4500,4000,Picea
individualtimelinenode_48d66bcb-89ff-4d3f-8713-057de0eb592b,4500,4000,Salix herbacaea t.
individualtimelinenode_48d66bcb-89ff-4d3f-8713-057de0eb592b,4500,4000,Koenigia islandica
individualtimelinenode_48d66bcb-89ff-4d3f-8713-057de0eb592b,5000,4500,Alnus
individualtimelinenode_48d66bcb-89ff-4d3f-8713-057de0eb592b,5000,4500,Betula
individualtimelinenode_48d66bcb-89ff-4d3f-8713-057de0eb592b,5000,4500,Cyperaceae
individualtimelinenode_48d66bcb-89ff-4d3f-8713-057de0eb592b,5000,4500,Diphasium
individualtimelinenode_48d66bcb-89ff-4d3f-8713-057de0eb592b,5000,4500,Empetrum hermap
individualtimelinenode_48d66bcb-89ff-4d3f-8713-057de0eb592b,5000,4500,Gramineae
individualtimelinenode_48d66bcb-89ff-4d3f-8713-057de0eb592b,5000,4500,Gymnocarpium dryopt.
individualtimelinenode_48d66bcb-89ff-4d3f-8713-057de0eb592b,5000,4500,Lycopodium dubium
individualtimelinenode_48d66bcb-89ff-4d3f-8713-057de0eb592b,5000,4500,Salix glauca t.
individualtimelinenode_48d66bcb-89ff-4d3f-8713-057de0eb592b,5000,4500,Salix herbacaea t.
individualtimelinenode_48d66bcb-89ff-4d3f-8713-057de0eb592b,5000,4500,Koenigia islandica
individualtimelinenode_48d66bcb-89ff-4d3f-8713-057de0eb592b,5500,5000,Alnus
individualtimelinenode_48d66bcb-89ff-4d3f-8713-057de0eb592b,5500,5000,Betula
individualtimelinenode_48d66bcb-89ff-4d3f-8713-057de0eb592b,5500,5000,Empetrum hermap
individualtimelinenode_48d66bcb-89ff-4d3f-8713-057de0eb592b,5500,5000,Gramineae
individualtimelinenode_48d66bcb-89ff-4d3f-8713-057de0eb592b,5500,5000,Koenigia islandica
individualtimelinenode_48d66bcb-89ff-4d3f-8713-057de0eb592b,5500,5000,Lycopodium dubium
individualtimelinenode_48d66bcb-89ff-4d3f-8713-057de0eb592b,5500,5000,Salix glauca t.
individualtimelinenode_48d66bcb-89ff-4d3f-8713-057de0eb592b,5500,5000,Cyperaceae
individualtimelinenode_48d66bcb-89ff-4d3f-8713-057de0eb592b,5500,5000,Cruciferae
individualtimelinenode_48d66bcb-89ff-4d3f-8713-057de0eb592b,5500,5000,Picea
individualtimelinenode_48d66bcb-89ff-4d3f-8713-057de0eb592b,6000,5500,Alnus
individualtimelinenode_48d66bcb-89ff-4d3f-8713-057de0eb592b,6000,5500,Betula
individualtimelinenode_48d66bcb-89ff-4d3f-8713-057de0eb592b,6000,5500,Cruciferae
individualtimelinenode_48d66bcb-89ff-4d3f-8713-057de0eb592b,6000,5500,Cyperaceae
individualtimelinenode_48d66bcb-89ff-4d3f-8713-057de0eb592b,6000,5500,Empetrum hermap
individualtimelinenode_48d66bcb-89ff-4d3f-8713-057de0eb592b,6000,5500,Gramineae
individualtimelinenode_48d66bcb-89ff-4d3f-8713-057de0eb592b,6000,5500,Lycopodium dubium
individualtimelinenode_48d66bcb-89ff-4d3f-8713-057de0eb592b,6000,5500,Picea
individualtimelinenode_48d66bcb-89ff-4d3f-8713-057de0eb592b,6000,5500,Salix glauca t.
individualtimelinenode_48d66bcb-89ff-4d3f-8713-057de0eb592b,6000,5500,Gymnocarpium dryopt.
individualtimelinenode_48d66bcb-89ff-4d3f-8713-057de0eb592b,6000,5500,Juniperus communis
individualtimelinenode_48d66bcb-89ff-4d3f-8713-057de0eb592b,6500,6000,Alnus
individualtimelinenode_48d66bcb-89ff-4d3f-8713-057de0eb592b,6500,6000,Betula
individualtimelinenode_48d66bcb-89ff-4d3f-8713-057de0eb592b,6500,6000,Cyperaceae
individualtimelinenode_48d66bcb-89ff-4d3f-8713-057de0eb592b,6500,6000,Empetrum hermap
individualtimelinenode_48d66bcb-89ff-4d3f-8713-057de0eb592b,6500,6000,Gramineae
individualtimelinenode_48d66bcb-89ff-4d3f-8713-057de0eb592b,6500,6000,Gymnocarpium dryopt.
individualtimelinenode_48d66bcb-89ff-4d3f-8713-057de0eb592b,6500,6000,Juniperus communis
individualtimelinenode_48d66bcb-89ff-4d3f-8713-057de0eb592b,6500,6000,Lycopodium dubium
individualtimelinenode_48d66bcb-89ff-4d3f-8713-057de0eb592b,6500,6000,Salix glauca t.
individualtimelinenode_48d66bcb-89ff-4d3f-8713-057de0eb592b,6500,6000,Salix herbacaea t.
individualtimelinenode_48d66bcb-89ff-4d3f-8713-057de0eb592b,6500,6000,Diphasium
individualtimelinenode_48d66bcb-89ff-4d3f-8713-057de0eb592b,7000,6500,Cyperaceae
individualtimelinenode_48d66bcb-89ff-4d3f-8713-057de0eb592b,7000,6500,Empetrum hermap
individualtimelinenode_48d66bcb-89ff-4d3f-8713-057de0eb592b,7000,6500,Gramineae
individualtimelinenode_48d66bcb-89ff-4d3f-8713-057de0eb592b,7000,6500,Salix glauca t.
individualtimelinenode_48d66bcb-89ff-4d3f-8713-057de0eb592b,7000,6500,Salix herbacaea t.
individualtimelinenode_48d66bcb-89ff-4d3f-8713-057de0eb592b,7000,6500,Alnus
individualtimelinenode_48d66bcb-89ff-4d3f-8713-057de0eb592b,7000,6500,Betula
individualtimelinenode_48d66bcb-89ff-4d3f-8713-057de0eb592b,7000,6500,Diphasium
individualtimelinenode_48d66bcb-89ff-4d3f-8713-057de0eb592b,7000,6500,Lycopodium dubium
individualtimelinenode_48d66bcb-89ff-4d3f-8713-057de0eb592b,7000,6500,Gymnocarpium dryopt.
individualtimelinenode_48d66bcb-89ff-4d3f-8713-057de0eb592b,7500,7000,Alnus
individualtimelinenode_48d66bcb-89ff-4d3f-8713-057de0eb592b,7500,7000,Betula
individualtimelinenode_48d66bcb-89ff-4d3f-8713-057de0eb592b,7500,7000,Cyperaceae
individualtimelinenode_48d66bcb-89ff-4d3f-8713-057de0eb592b,7500,7000,Empetrum hermap
individualtimelinenode_48d66bcb-89ff-4d3f-8713-057de0eb592b,7500,7000,Gramineae
individualtimelinenode_48d66bcb-89ff-4d3f-8713-057de0eb592b,7500,7000,Gymnocarpium dryopt.
individualtimelinenode_48d66bcb-89ff-4d3f-8713-057de0eb592b,7500,7000,Lycopodium dubium
individualtimelinenode_48d66bcb-89ff-4d3f-8713-057de0eb592b,7500,7000,Salix glauca t.
individualtimelinenode_48d66bcb-89ff-4d3f-8713-057de0eb592b,7500,7000,Dryopteris t.
individualtimelinenode_48d66bcb-89ff-4d3f-8713-057de0eb592b,7500,7000,Minuartia-Silene t.
individualtimelinenode_48d66bcb-89ff-4d3f-8713-057de0eb592b,7500,7000,Salix herbacaea t.
individualtimelinenode_48d66bcb-89ff-4d3f-8713-057de0eb592b,8000,7500,Alnus
individualtimelinenode_48d66bcb-89ff-4d3f-8713-057de0eb592b,8000,7500,Betula
individualtimelinenode_48d66bcb-89ff-4d3f-8713-057de0eb592b,8000,7500,Cyperaceae
individualtimelinenode_48d66bcb-89ff-4d3f-8713-057de0eb592b,8000,7500,Empetrum hermap
individualtimelinenode_48d66bcb-89ff-4d3f-8713-057de0eb592b,8000,7500,Gramineae
individualtimelinenode_48d66bcb-89ff-4d3f-8713-057de0eb592b,8000,7500,Lycopodium dubium
individualtimelinenode_48d66bcb-89ff-4d3f-8713-057de0eb592b,8000,7500,Salix glauca t.
individualtimelinenode_48d66bcb-89ff-4d3f-8713-057de0eb592b,8000,7500,Salix herbacaea t.
individualtimelinenode_48d66bcb-89ff-4d3f-8713-057de0eb592b,8000,7500,Huperzia selago
individualtimelinenode_48d66bcb-89ff-4d3f-8713-057de0eb592b,8000,7500,Dryopteris t.
individualtimelinenode_48d66bcb-89ff-4d3f-8713-057de0eb592b,8500,8000,Alnus
individualtimelinenode_48d66bcb-89ff-4d3f-8713-057de0eb592b,8500,8000,Betula
individualtimelinenode_48d66bcb-89ff-4d3f-8713-057de0eb592b,8500,8000,Cyperaceae
individualtimelinenode_48d66bcb-89ff-4d3f-8713-057de0eb592b,8500,8000,Empetrum hermap
individualtimelinenode_48d66bcb-89ff-4d3f-8713-057de0eb592b,8500,8000,Gramineae
individualtimelinenode_48d66bcb-89ff-4d3f-8713-057de0eb592b,8500,8000,Huperzia selago
individualtimelinenode_48d66bcb-89ff-4d3f-8713-057de0eb592b,8500,8000,Salix glauca t.
individualtimelinenode_48d66bcb-89ff-4d3f-8713-057de0eb592b,8500,8000,Salix herbacaea t.
individualtimelinenode_48d66bcb-89ff-4d3f-8713-057de0eb592b,8500,8000,Dryopteris t.
individualtimelinenode_48d66bcb-89ff-4d3f-8713-057de0eb592b,8500,8000,Loiseleuria procumbens
individualtimelinenode_48d66bcb-89ff-4d3f-8713-057de0eb592b,9000,8500,Alnus
individualtimelinenode_48d66bcb-89ff-4d3f-8713-057de0eb592b,9000,8500,Betula
individualtimelinenode_48d66bcb-89ff-4d3f-8713-057de0eb592b,9000,8500,Cyperaceae
individualtimelinenode_48d66bcb-89ff-4d3f-8713-057de0eb592b,9000,8500,Dryopteris t.
individualtimelinenode_48d66bcb-89ff-4d3f-8713-057de0eb592b,9000,8500,Gramineae
individualtimelinenode_48d66bcb-89ff-4d3f-8713-057de0eb592b,9000,8500,Loiseleuria procumbens
individualtimelinenode_48d66bcb-89ff-4d3f-8713-057de0eb592b,9000,8500,Oxyria digyna
individualtimelinenode_48d66bcb-89ff-4d3f-8713-057de0eb592b,9000,8500,Phyllodoce coerulea
individualtimelinenode_48d66bcb-89ff-4d3f-8713-057de0eb592b,9000,8500,Salix glauca t.
individualtimelinenode_48d66bcb-89ff-4d3f-8713-057de0eb592b,9000,8500,Salix herbacaea t.
individualtimelinenode_48d66bcb-89ff-4d3f-8713-057de0eb592b,9000,8500,Empetrum hermap
individualtimelinenode_48d66bcb-89ff-4d3f-8713-057de0eb592b,9000,8500,Ledum
individualtimelinenode_48d66bcb-89ff-4d3f-8713-057de0eb592b,9500,9000,Alnus
individualtimelinenode_48d66bcb-89ff-4d3f-8713-057de0eb592b,9500,9000,Betula
individualtimelinenode_48d66bcb-89ff-4d3f-8713-057de0eb592b,9500,9000,Cyperaceae
individualtimelinenode_48d66bcb-89ff-4d3f-8713-057de0eb592b,9500,9000,Dryopteris t.
individualtimelinenode_48d66bcb-89ff-4d3f-8713-057de0eb592b,9500,9000,Gramineae
individualtimelinenode_48d66bcb-89ff-4d3f-8713-057de0eb592b,9500,9000,Loiseleuria procumbens
individualtimelinenode_48d66bcb-89ff-4d3f-8713-057de0eb592b,9500,9000,Oxyria digyna
individualtimelinenode_48d66bcb-89ff-4d3f-8713-057de0eb592b,9500,9000,Phyllodoce coerulea
individualtimelinenode_48d66bcb-89ff-4d3f-8713-057de0eb592b,9500,9000,Salix glauca t.
individualtimelinenode_48d66bcb-89ff-4d3f-8713-057de0eb592b,9500,9000,Salix herbacaea t.
individualtimelinenode_48d66bcb-89ff-4d3f-8713-057de0eb592b,9500,9000,Empetrum hermap
individualtimelinenode_48d66bcb-89ff-4d3f-8713-057de0eb592b,9500,9000,Ledum
individualtimelinenode_48d66bcb-89ff-4d3f-8713-057de0eb592b,10000,9500,Betula
individualtimelinenode_48d66bcb-89ff-4d3f-8713-057de0eb592b,10000,9500,Cyperaceae
individualtimelinenode_48d66bcb-89ff-4d3f-8713-057de0eb592b,10000,9500,Dryopteris t.
individualtimelinenode_48d66bcb-89ff-4d3f-8713-057de0eb592b,10000,9500,Empetrum hermap
individualtimelinenode_48d66bcb-89ff-4d3f-8713-057de0eb592b,10000,9500,Gramineae
individualtimelinenode_48d66bcb-89ff-4d3f-8713-057de0eb592b,10000,9500,Oxyria digyna
individualtimelinenode_48d66bcb-89ff-4d3f-8713-057de0eb592b,10000,9500,Cerastium-Stellaria t.
individualtimelinenode_48d66bcb-89ff-4d3f-8713-057de0eb592b,10000,9500,Minuartia-Silene t.
individualtimelinenode_48d66bcb-89ff-4d3f-8713-057de0eb592b,10500,10000,Cyperaceae
individualtimelinenode_48d66bcb-89ff-4d3f-8713-057de0eb592b,10500,10000,Empetrum hermap
individualtimelinenode_48d66bcb-89ff-4d3f-8713-057de0eb592b,10500,10000,Gramineae
individualtimelinenode_48d66bcb-89ff-4d3f-8713-057de0eb592b,10500,10000,Oxyria digyna
individualtimelinenode_48d66bcb-89ff-4d3f-8713-057de0eb592b,10500,10000,Betula
individualtimelinenode_48d66bcb-89ff-4d3f-8713-057de0eb592b,10500,10000,Cerastium-Stellaria t.
individualtimelinenode_48d66bcb-89ff-4d3f-8713-057de0eb592b,10500,10000,Minuartia-Silene t.
individualtimelinenode_48d66bcb-89ff-4d3f-8713-057de0eb592b,10500,10000,Alnus
individualtimelinenode_48d66bcb-89ff-4d3f-8713-057de0eb592b,10500,10000,Ranunculaceae
individualtimelinenode_48d66bcb-89ff-4d3f-8713-057de0eb592b,11000,10500,Alnus
individualtimelinenode_48d66bcb-89ff-4d3f-8713-057de0eb592b,11000,10500,Betula
individualtimelinenode_48d66bcb-89ff-4d3f-8713-057de0eb592b,11000,10500,Gramineae
individualtimelinenode_48d66bcb-89ff-4d3f-8713-057de0eb592b,11000,10500,Ranunculaceae
individualtimelinenode_317065f9-d59a-4a58-9592-ba20dcf81572,500,0,Alnus
individualtimelinenode_317065f9-d59a-4a58-9592-ba20dcf81572,500,0,Betula
individualtimelinenode_317065f9-d59a-4a58-9592-ba20dcf81572,500,0,Bortychium
individualtimelinenode_317065f9-d59a-4a58-9592-ba20dcf81572,500,0,Cristatella mucedo
individualtimelinenode_317065f9-d59a-4a58-9592-ba20dcf81572,500,0,Cyperaceae
individualtimelinenode_317065f9-d59a-4a58-9592-ba20dcf81572,500,0,Diphasium
individualtimelinenode_317065f9-d59a-4a58-9592-ba20dcf81572,500,0,Empetrum
individualtimelinenode_317065f9-d59a-4a58-9592-ba20dcf81572,500,0,Gramineae
individualtimelinenode_317065f9-d59a-4a58-9592-ba20dcf81572,500,0,Hippuris vulgaris
individualtimelinenode_317065f9-d59a-4a58-9592-ba20dcf81572,500,0,Isoetes setacea
individualtimelinenode_317065f9-d59a-4a58-9592-ba20dcf81572,500,0,Lycopodium dubium
individualtimelinenode_317065f9-d59a-4a58-9592-ba20dcf81572,500,0,P. angulosum
individualtimelinenode_317065f9-d59a-4a58-9592-ba20dcf81572,500,0,Salix glauca t.
individualtimelinenode_317065f9-d59a-4a58-9592-ba20dcf81572,500,0,Sedum
individualtimelinenode_317065f9-d59a-4a58-9592-ba20dcf81572,500,0,Filinia
individualtimelinenode_317065f9-d59a-4a58-9592-ba20dcf81572,500,0,Gymnocarpium dryopt.
individualtimelinenode_317065f9-d59a-4a58-9592-ba20dcf81572,500,0,Oxyria digyna
individualtimelinenode_317065f9-d59a-4a58-9592-ba20dcf81572,1000,500,Alnus
individualtimelinenode_317065f9-d59a-4a58-9592-ba20dcf81572,1000,500,Betula
individualtimelinenode_317065f9-d59a-4a58-9592-ba20dcf81572,1000,500,Cyperaceae
individualtimelinenode_317065f9-d59a-4a58-9592-ba20dcf81572,1000,500,Diphasium
individualtimelinenode_317065f9-d59a-4a58-9592-ba20dcf81572,1000,500,Empetrum
individualtimelinenode_317065f9-d59a-4a58-9592-ba20dcf81572,1000,500,Filinia
individualtimelinenode_317065f9-d59a-4a58-9592-ba20dcf81572,1000,500,Gramineae
individualtimelinenode_317065f9-d59a-4a58-9592-ba20dcf81572,1000,500,Gymnocarpium dryopt.
individualtimelinenode_317065f9-d59a-4a58-9592-ba20dcf81572,1000,500,Isoetes setacea
individualtimelinenode_317065f9-d59a-4a58-9592-ba20dcf81572,1000,500,Oxyria digyna
individualtimelinenode_317065f9-d59a-4a58-9592-ba20dcf81572,1000,500,Salix glauca t.
individualtimelinenode_317065f9-d59a-4a58-9592-ba20dcf81572,1000,500,Lycopodium dubium
individualtimelinenode_317065f9-d59a-4a58-9592-ba20dcf81572,1000,500,Ledum
individualtimelinenode_317065f9-d59a-4a58-9592-ba20dcf81572,1500,1000,Alnus
individualtimelinenode_317065f9-d59a-4a58-9592-ba20dcf81572,1500,1000,Betula
individualtimelinenode_317065f9-d59a-4a58-9592-ba20dcf81572,1500,1000,Cyperaceae
individualtimelinenode_317065f9-d59a-4a58-9592-ba20dcf81572,1500,1000,Diphasium
individualtimelinenode_317065f9-d59a-4a58-9592-ba20dcf81572,1500,1000,Empetrum
individualtimelinenode_317065f9-d59a-4a58-9592-ba20dcf81572,1500,1000,Filinia
individualtimelinenode_317065f9-d59a-4a58-9592-ba20dcf81572,1500,1000,Gramineae
individualtimelinenode_317065f9-d59a-4a58-9592-ba20dcf81572,1500,1000,Gymnocarpium dryopt.
individualtimelinenode_317065f9-d59a-4a58-9592-ba20dcf81572,1500,1000,Isoetes setacea
individualtimelinenode_317065f9-d59a-4a58-9592-ba20dcf81572,1500,1000,Oxyria digyna
individualtimelinenode_317065f9-d59a-4a58-9592-ba20dcf81572,1500,1000,Salix glauca t.
individualtimelinenode_317065f9-d59a-4a58-9592-ba20dcf81572,1500,1000,Lycopodium dubium
individualtimelinenode_317065f9-d59a-4a58-9592-ba20dcf81572,1500,1000,Ledum
individualtimelinenode_317065f9-d59a-4a58-9592-ba20dcf81572,1500,1000,Dryopteris type
individualtimelinenode_317065f9-d59a-4a58-9592-ba20dcf81572,1500,1000,Hippuris vulgaris
individualtimelinenode_317065f9-d59a-4a58-9592-ba20dcf81572,1500,1000,Liguliflorae
individualtimelinenode_317065f9-d59a-4a58-9592-ba20dcf81572,1500,1000,Thalictrum alpinum
individualtimelinenode_317065f9-d59a-4a58-9592-ba20dcf81572,1500,1000,Tofieldia
individualtimelinenode_317065f9-d59a-4a58-9592-ba20dcf81572,2000,1500,Alnus
individualtimelinenode_317065f9-d59a-4a58-9592-ba20dcf81572,2000,1500,Betula
individualtimelinenode_317065f9-d59a-4a58-9592-ba20dcf81572,2000,1500,Cyperaceae
individualtimelinenode_317065f9-d59a-4a58-9592-ba20dcf81572,2000,1500,Diphasium
individualtimelinenode_317065f9-d59a-4a58-9592-ba20dcf81572,2000,1500,Empetrum
individualtimelinenode_317065f9-d59a-4a58-9592-ba20dcf81572,2000,1500,Gramineae
individualtimelinenode_317065f9-d59a-4a58-9592-ba20dcf81572,2000,1500,Isoetes setacea
individualtimelinenode_317065f9-d59a-4a58-9592-ba20dcf81572,2000,1500,Lycopodium dubium
individualtimelinenode_317065f9-d59a-4a58-9592-ba20dcf81572,2000,1500,Salix glauca t.
individualtimelinenode_317065f9-d59a-4a58-9592-ba20dcf81572,2000,1500,Ledum
individualtimelinenode_317065f9-d59a-4a58-9592-ba20dcf81572,2000,1500,Oxyria digyna
individualtimelinenode_317065f9-d59a-4a58-9592-ba20dcf81572,2000,1500,Dryopteris type
individualtimelinenode_317065f9-d59a-4a58-9592-ba20dcf81572,2000,1500,Hippuris vulgaris
individualtimelinenode_317065f9-d59a-4a58-9592-ba20dcf81572,2000,1500,Liguliflorae
individualtimelinenode_317065f9-d59a-4a58-9592-ba20dcf81572,2000,1500,Thalictrum alpinum
individualtimelinenode_317065f9-d59a-4a58-9592-ba20dcf81572,2000,1500,Tofieldia
individualtimelinenode_317065f9-d59a-4a58-9592-ba20dcf81572,2500,2000,Alnus
individualtimelinenode_317065f9-d59a-4a58-9592-ba20dcf81572,2500,2000,Betula
individualtimelinenode_317065f9-d59a-4a58-9592-ba20dcf81572,2500,2000,Cyperaceae
individualtimelinenode_317065f9-d59a-4a58-9592-ba20dcf81572,2500,2000,Diphasium
individualtimelinenode_317065f9-d59a-4a58-9592-ba20dcf81572,2500,2000,Empetrum
individualtimelinenode_317065f9-d59a-4a58-9592-ba20dcf81572,2500,2000,Gramineae
individualtimelinenode_317065f9-d59a-4a58-9592-ba20dcf81572,2500,2000,Isoetes setacea
individualtimelinenode_317065f9-d59a-4a58-9592-ba20dcf81572,2500,2000,Lycopodium dubium
individualtimelinenode_317065f9-d59a-4a58-9592-ba20dcf81572,2500,2000,Salix glauca t.
individualtimelinenode_317065f9-d59a-4a58-9592-ba20dcf81572,2500,2000,Ledum
individualtimelinenode_317065f9-d59a-4a58-9592-ba20dcf81572,2500,2000,Oxyria digyna
individualtimelinenode_317065f9-d59a-4a58-9592-ba20dcf81572,2500,2000,Dryopteris type
individualtimelinenode_317065f9-d59a-4a58-9592-ba20dcf81572,2500,2000,Hippuris vulgaris
individualtimelinenode_317065f9-d59a-4a58-9592-ba20dcf81572,2500,2000,Liguliflorae
individualtimelinenode_317065f9-d59a-4a58-9592-ba20dcf81572,2500,2000,Thalictrum alpinum
individualtimelinenode_317065f9-d59a-4a58-9592-ba20dcf81572,2500,2000,Tofieldia
individualtimelinenode_317065f9-d59a-4a58-9592-ba20dcf81572,2500,2000,Myriophyllum spicatum
individualtimelinenode_317065f9-d59a-4a58-9592-ba20dcf81572,3000,2500,Alnus
individualtimelinenode_317065f9-d59a-4a58-9592-ba20dcf81572,3000,2500,Betula
individualtimelinenode_317065f9-d59a-4a58-9592-ba20dcf81572,3000,2500,Cyperaceae
individualtimelinenode_317065f9-d59a-4a58-9592-ba20dcf81572,3000,2500,Empetrum
individualtimelinenode_317065f9-d59a-4a58-9592-ba20dcf81572,3000,2500,Gramineae
individualtimelinenode_317065f9-d59a-4a58-9592-ba20dcf81572,3000,2500,Isoetes setacea
individualtimelinenode_317065f9-d59a-4a58-9592-ba20dcf81572,3000,2500,Ledum
individualtimelinenode_317065f9-d59a-4a58-9592-ba20dcf81572,3000,2500,Lycopodium dubium
individualtimelinenode_317065f9-d59a-4a58-9592-ba20dcf81572,3000,2500,Oxyria digyna
individualtimelinenode_317065f9-d59a-4a58-9592-ba20dcf81572,3000,2500,Salix glauca t.
individualtimelinenode_317065f9-d59a-4a58-9592-ba20dcf81572,3000,2500,Diphasium
individualtimelinenode_317065f9-d59a-4a58-9592-ba20dcf81572,3000,2500,Dryopteris type
individualtimelinenode_317065f9-d59a-4a58-9592-ba20dcf81572,3000,2500,Hippuris vulgaris
individualtimelinenode_317065f9-d59a-4a58-9592-ba20dcf81572,3000,2500,Liguliflorae
individualtimelinenode_317065f9-d59a-4a58-9592-ba20dcf81572,3000,2500,Thalictrum alpinum
individualtimelinenode_317065f9-d59a-4a58-9592-ba20dcf81572,3000,2500,Tofieldia
individualtimelinenode_317065f9-d59a-4a58-9592-ba20dcf81572,3000,2500,Myriophyllum spicatum
individualtimelinenode_317065f9-d59a-4a58-9592-ba20dcf81572,3500,3000,Alnus
individualtimelinenode_317065f9-d59a-4a58-9592-ba20dcf81572,3500,3000,Betula
individualtimelinenode_317065f9-d59a-4a58-9592-ba20dcf81572,3500,3000,Cyperaceae
individualtimelinenode_317065f9-d59a-4a58-9592-ba20dcf81572,3500,3000,Diphasium
individualtimelinenode_317065f9-d59a-4a58-9592-ba20dcf81572,3500,3000,Dryopteris type
individualtimelinenode_317065f9-d59a-4a58-9592-ba20dcf81572,3500,3000,Empetrum
individualtimelinenode_317065f9-d59a-4a58-9592-ba20dcf81572,3500,3000,Gramineae
individualtimelinenode_317065f9-d59a-4a58-9592-ba20dcf81572,3500,3000,Hippuris vulgaris
individualtimelinenode_317065f9-d59a-4a58-9592-ba20dcf81572,3500,3000,Ledum
individualtimelinenode_317065f9-d59a-4a58-9592-ba20dcf81572,3500,3000,Liguliflorae
individualtimelinenode_317065f9-d59a-4a58-9592-ba20dcf81572,3500,3000,Lycopodium dubium
individualtimelinenode_317065f9-d59a-4a58-9592-ba20dcf81572,3500,3000,Salix glauca t.
individualtimelinenode_317065f9-d59a-4a58-9592-ba20dcf81572,3500,3000,Thalictrum alpinum
individualtimelinenode_317065f9-d59a-4a58-9592-ba20dcf81572,3500,3000,Tofieldia
individualtimelinenode_317065f9-d59a-4a58-9592-ba20dcf81572,3500,3000,Isoetes setacea
individualtimelinenode_317065f9-d59a-4a58-9592-ba20dcf81572,3500,3000,Myriophyllum spicatum
individualtimelinenode_317065f9-d59a-4a58-9592-ba20dcf81572,3500,3000,Juniperus communis
individualtimelinenode_317065f9-d59a-4a58-9592-ba20dcf81572,4000,3500,Alnus
individualtimelinenode_317065f9-d59a-4a58-9592-ba20dcf81572,4000,3500,Betula
individualtimelinenode_317065f9-d59a-4a58-9592-ba20dcf81572,4000,3500,Cyperaceae
individualtimelinenode_317065f9-d59a-4a58-9592-ba20dcf81572,4000,3500,Dryopteris type
individualtimelinenode_317065f9-d59a-4a58-9592-ba20dcf81572,4000,3500,Empetrum
individualtimelinenode_317065f9-d59a-4a58-9592-ba20dcf81572,4000,3500,Gramineae
individualtimelinenode_317065f9-d59a-4a58-9592-ba20dcf81572,4000,3500,Hippuris vulgaris
individualtimelinenode_317065f9-d59a-4a58-9592-ba20dcf81572,4000,3500,Isoetes setacea
individualtimelinenode_317065f9-d59a-4a58-9592-ba20dcf81572,4000,3500,Lycopodium dubium
individualtimelinenode_317065f9-d59a-4a58-9592-ba20dcf81572,4000,3500,Salix glauca t.
individualtimelinenode_317065f9-d59a-4a58-9592-ba20dcf81572,4000,3500,Diphasium
individualtimelinenode_317065f9-d59a-4a58-9592-ba20dcf81572,4000,3500,Myriophyllum spicatum
individualtimelinenode_317065f9-d59a-4a58-9592-ba20dcf81572,4000,3500,Tofieldia
individualtimelinenode_317065f9-d59a-4a58-9592-ba20dcf81572,4000,3500,Juniperus communis
individualtimelinenode_317065f9-d59a-4a58-9592-ba20dcf81572,4000,3500,Ledum
individualtimelinenode_317065f9-d59a-4a58-9592-ba20dcf81572,4000,3500,Oxyria digyna
individualtimelinenode_317065f9-d59a-4a58-9592-ba20dcf81572,4500,4000,Alnus
individualtimelinenode_317065f9-d59a-4a58-9592-ba20dcf81572,4500,4000,Betula
individualtimelinenode_317065f9-d59a-4a58-9592-ba20dcf81572,4500,4000,Cyperaceae
individualtimelinenode_317065f9-d59a-4a58-9592-ba20dcf81572,4500,4000,Dryopteris type
individualtimelinenode_317065f9-d59a-4a58-9592-ba20dcf81572,4500,4000,Empetrum
individualtimelinenode_317065f9-d59a-4a58-9592-ba20dcf81572,4500,4000,Gramineae
individualtimelinenode_317065f9-d59a-4a58-9592-ba20dcf81572,4500,4000,Hippuris vulgaris
individualtimelinenode_317065f9-d59a-4a58-9592-ba20dcf81572,4500,4000,Isoetes setacea
individualtimelinenode_317065f9-d59a-4a58-9592-ba20dcf81572,4500,4000,Juniperus communis
individualtimelinenode_317065f9-d59a-4a58-9592-ba20dcf81572,4500,4000,Ledum
individualtimelinenode_317065f9-d59a-4a58-9592-ba20dcf81572,4500,4000,Lycopodium dubium
individualtimelinenode_317065f9-d59a-4a58-9592-ba20dcf81572,4500,4000,Myriophyllum spicatum
individualtimelinenode_317065f9-d59a-4a58-9592-ba20dcf81572,4500,4000,Salix glauca t.
individualtimelinenode_317065f9-d59a-4a58-9592-ba20dcf81572,4500,4000,Oxyria digyna
individualtimelinenode_317065f9-d59a-4a58-9592-ba20dcf81572,5000,4500,Alnus
individualtimelinenode_317065f9-d59a-4a58-9592-ba20dcf81572,5000,4500,Betula
individualtimelinenode_317065f9-d59a-4a58-9592-ba20dcf81572,5000,4500,Cyperaceae
individualtimelinenode_317065f9-d59a-4a58-9592-ba20dcf81572,5000,4500,Empetrum
individualtimelinenode_317065f9-d59a-4a58-9592-ba20dcf81572,5000,4500,Gramineae
individualtimelinenode_317065f9-d59a-4a58-9592-ba20dcf81572,5000,4500,Hippuris vulgaris
individualtimelinenode_317065f9-d59a-4a58-9592-ba20dcf81572,5000,4500,Isoetes setacea
individualtimelinenode_317065f9-d59a-4a58-9592-ba20dcf81572,5000,4500,Juniperus communis
individualtimelinenode_317065f9-d59a-4a58-9592-ba20dcf81572,5000,4500,Lycopodium dubium
individualtimelinenode_317065f9-d59a-4a58-9592-ba20dcf81572,5000,4500,Oxyria digyna
individualtimelinenode_317065f9-d59a-4a58-9592-ba20dcf81572,5000,4500,Salix glauca t.
individualtimelinenode_317065f9-d59a-4a58-9592-ba20dcf81572,5000,4500,Dryopteris type
individualtimelinenode_317065f9-d59a-4a58-9592-ba20dcf81572,5000,4500,Minuartia-Silene t.
individualtimelinenode_317065f9-d59a-4a58-9592-ba20dcf81572,5000,4500,Myriophyllum spicatum
individualtimelinenode_317065f9-d59a-4a58-9592-ba20dcf81572,5000,4500,Thalictrum alpinum
individualtimelinenode_317065f9-d59a-4a58-9592-ba20dcf81572,5000,4500,Ranunculus
individualtimelinenode_317065f9-d59a-4a58-9592-ba20dcf81572,5000,4500,Diphasium
individualtimelinenode_317065f9-d59a-4a58-9592-ba20dcf81572,5000,4500,Tofieldia
individualtimelinenode_317065f9-d59a-4a58-9592-ba20dcf81572,5500,5000,Alnus
individualtimelinenode_317065f9-d59a-4a58-9592-ba20dcf81572,5500,5000,Betula
individualtimelinenode_317065f9-d59a-4a58-9592-ba20dcf81572,5500,5000,Cyperaceae
individualtimelinenode_317065f9-d59a-4a58-9592-ba20dcf81572,5500,5000,Empetrum
individualtimelinenode_317065f9-d59a-4a58-9592-ba20dcf81572,5500,5000,Gramineae
individualtimelinenode_317065f9-d59a-4a58-9592-ba20dcf81572,5500,5000,Juniperus communis
individualtimelinenode_317065f9-d59a-4a58-9592-ba20dcf81572,5500,5000,Lycopodium dubium
individualtimelinenode_317065f9-d59a-4a58-9592-ba20dcf81572,5500,5000,Minuartia-Silene t.
individualtimelinenode_317065f9-d59a-4a58-9592-ba20dcf81572,5500,5000,Myriophyllum spicatum
individualtimelinenode_317065f9-d59a-4a58-9592-ba20dcf81572,5500,5000,Salix glauca t.
individualtimelinenode_317065f9-d59a-4a58-9592-ba20dcf81572,5500,5000,Thalictrum alpinum
individualtimelinenode_317065f9-d59a-4a58-9592-ba20dcf81572,5500,5000,Dryopteris type
individualtimelinenode_317065f9-d59a-4a58-9592-ba20dcf81572,5500,5000,Isoetes setacea
individualtimelinenode_317065f9-d59a-4a58-9592-ba20dcf81572,5500,5000,Ranunculus
individualtimelinenode_317065f9-d59a-4a58-9592-ba20dcf81572,5500,5000,Diphasium
individualtimelinenode_317065f9-d59a-4a58-9592-ba20dcf81572,5500,5000,Tofieldia
individualtimelinenode_317065f9-d59a-4a58-9592-ba20dcf81572,5500,5000,Hippuris vulgaris
individualtimelinenode_317065f9-d59a-4a58-9592-ba20dcf81572,5500,5000,Rumex acetosella
individualtimelinenode_317065f9-d59a-4a58-9592-ba20dcf81572,6000,5500,Cyperaceae
individualtimelinenode_317065f9-d59a-4a58-9592-ba20dcf81572,6000,5500,Dryopteris type
individualtimelinenode_317065f9-d59a-4a58-9592-ba20dcf81572,6000,5500,Empetrum
individualtimelinenode_317065f9-d59a-4a58-9592-ba20dcf81572,6000,5500,Gramineae
individualtimelinenode_317065f9-d59a-4a58-9592-ba20dcf81572,6000,5500,Isoetes setacea
individualtimelinenode_317065f9-d59a-4a58-9592-ba20dcf81572,6000,5500,Ranunculus
individualtimelinenode_317065f9-d59a-4a58-9592-ba20dcf81572,6000,5500,Alnus
individualtimelinenode_317065f9-d59a-4a58-9592-ba20dcf81572,6000,5500,Betula
individualtimelinenode_317065f9-d59a-4a58-9592-ba20dcf81572,6000,5500,Diphasium
individualtimelinenode_317065f9-d59a-4a58-9592-ba20dcf81572,6000,5500,Juniperus communis
individualtimelinenode_317065f9-d59a-4a58-9592-ba20dcf81572,6000,5500,Lycopodium dubium
individualtimelinenode_317065f9-d59a-4a58-9592-ba20dcf81572,6000,5500,Salix glauca t.
individualtimelinenode_317065f9-d59a-4a58-9592-ba20dcf81572,6000,5500,Tofieldia
individualtimelinenode_317065f9-d59a-4a58-9592-ba20dcf81572,6000,5500,Hippuris vulgaris
individualtimelinenode_317065f9-d59a-4a58-9592-ba20dcf81572,6000,5500,Rumex acetosella
individualtimelinenode_317065f9-d59a-4a58-9592-ba20dcf81572,6000,5500,Gymnocarpium dryopt.
individualtimelinenode_317065f9-d59a-4a58-9592-ba20dcf81572,6000,5500,Sparganium
individualtimelinenode_317065f9-d59a-4a58-9592-ba20dcf81572,6500,6000,Alnus
individualtimelinenode_317065f9-d59a-4a58-9592-ba20dcf81572,6500,6000,Betula
individualtimelinenode_317065f9-d59a-4a58-9592-ba20dcf81572,6500,6000,Cyperaceae
individualtimelinenode_317065f9-d59a-4a58-9592-ba20dcf81572,6500,6000,Empetrum
individualtimelinenode_317065f9-d59a-4a58-9592-ba20dcf81572,6500,6000,Gramineae
individualtimelinenode_317065f9-d59a-4a58-9592-ba20dcf81572,6500,6000,Gymnocarpium dryopt.
individualtimelinenode_317065f9-d59a-4a58-9592-ba20dcf81572,6500,6000,Isoetes setacea
individualtimelinenode_317065f9-d59a-4a58-9592-ba20dcf81572,6500,6000,Juniperus communis
individualtimelinenode_317065f9-d59a-4a58-9592-ba20dcf81572,6500,6000,Lycopodium dubium
individualtimelinenode_317065f9-d59a-4a58-9592-ba20dcf81572,6500,6000,Salix glauca t.
individualtimelinenode_317065f9-d59a-4a58-9592-ba20dcf81572,6500,6000,Sparganium
individualtimelinenode_317065f9-d59a-4a58-9592-ba20dcf81572,6500,6000,Dryopteris type
individualtimelinenode_317065f9-d59a-4a58-9592-ba20dcf81572,6500,6000,Hippuris vulgaris
individualtimelinenode_317065f9-d59a-4a58-9592-ba20dcf81572,6500,6000,Oxyria digyna
individualtimelinenode_317065f9-d59a-4a58-9592-ba20dcf81572,6500,6000,Ranunculus
individualtimelinenode_317065f9-d59a-4a58-9592-ba20dcf81572,7000,6500,Alnus
individualtimelinenode_317065f9-d59a-4a58-9592-ba20dcf81572,7000,6500,Betula
individualtimelinenode_317065f9-d59a-4a58-9592-ba20dcf81572,7000,6500,Cyperaceae
individualtimelinenode_317065f9-d59a-4a58-9592-ba20dcf81572,7000,6500,Dryopteris type
individualtimelinenode_317065f9-d59a-4a58-9592-ba20dcf81572,7000,6500,Empetrum
individualtimelinenode_317065f9-d59a-4a58-9592-ba20dcf81572,7000,6500,Gramineae
individualtimelinenode_317065f9-d59a-4a58-9592-ba20dcf81572,7000,6500,Gymnocarpium dryopt.
individualtimelinenode_317065f9-d59a-4a58-9592-ba20dcf81572,7000,6500,Hippuris vulgaris
individualtimelinenode_317065f9-d59a-4a58-9592-ba20dcf81572,7000,6500,Isoetes setacea
individualtimelinenode_317065f9-d59a-4a58-9592-ba20dcf81572,7000,6500,Lycopodium dubium
individualtimelinenode_317065f9-d59a-4a58-9592-ba20dcf81572,7000,6500,Oxyria digyna
individualtimelinenode_317065f9-d59a-4a58-9592-ba20dcf81572,7000,6500,Ranunculus
individualtimelinenode_317065f9-d59a-4a58-9592-ba20dcf81572,7000,6500,Salix glauca t.
individualtimelinenode_317065f9-d59a-4a58-9592-ba20dcf81572,7000,6500,Pediastum tetras
individualtimelinenode_317065f9-d59a-4a58-9592-ba20dcf81572,7000,6500,Ranunc (incl. Batrachium)
individualtimelinenode_317065f9-d59a-4a58-9592-ba20dcf81572,7500,7000,Alnus
individualtimelinenode_317065f9-d59a-4a58-9592-ba20dcf81572,7500,7000,Betula
individualtimelinenode_317065f9-d59a-4a58-9592-ba20dcf81572,7500,7000,Cyperaceae
individualtimelinenode_317065f9-d59a-4a58-9592-ba20dcf81572,7500,7000,Dryopteris type
individualtimelinenode_317065f9-d59a-4a58-9592-ba20dcf81572,7500,7000,Empetrum
individualtimelinenode_317065f9-d59a-4a58-9592-ba20dcf81572,7500,7000,Gramineae
individualtimelinenode_317065f9-d59a-4a58-9592-ba20dcf81572,7500,7000,Isoetes setacea
individualtimelinenode_317065f9-d59a-4a58-9592-ba20dcf81572,7500,7000,Lycopodium dubium
individualtimelinenode_317065f9-d59a-4a58-9592-ba20dcf81572,7500,7000,Salix glauca t.
individualtimelinenode_317065f9-d59a-4a58-9592-ba20dcf81572,7500,7000,Pediastum tetras
individualtimelinenode_317065f9-d59a-4a58-9592-ba20dcf81572,7500,7000,Ranunc (incl. Batrachium)
individualtimelinenode_317065f9-d59a-4a58-9592-ba20dcf81572,7500,7000,Ranunculus
individualtimelinenode_317065f9-d59a-4a58-9592-ba20dcf81572,7500,7000,Diphasium
individualtimelinenode_317065f9-d59a-4a58-9592-ba20dcf81572,7500,7000,Equisetum
individualtimelinenode_317065f9-d59a-4a58-9592-ba20dcf81572,7500,7000,Tofieldia
individualtimelinenode_317065f9-d59a-4a58-9592-ba20dcf81572,7500,7000,Eupotamogeton
individualtimelinenode_317065f9-d59a-4a58-9592-ba20dcf81572,8000,7500,Alnus
individualtimelinenode_317065f9-d59a-4a58-9592-ba20dcf81572,8000,7500,Cyperaceae
individualtimelinenode_317065f9-d59a-4a58-9592-ba20dcf81572,8000,7500,Diphasium
individualtimelinenode_317065f9-d59a-4a58-9592-ba20dcf81572,8000,7500,Dryopteris type
individualtimelinenode_317065f9-d59a-4a58-9592-ba20dcf81572,8000,7500,Empetrum
individualtimelinenode_317065f9-d59a-4a58-9592-ba20dcf81572,8000,7500,Equisetum
individualtimelinenode_317065f9-d59a-4a58-9592-ba20dcf81572,8000,7500,Gramineae
individualtimelinenode_317065f9-d59a-4a58-9592-ba20dcf81572,8000,7500,Isoetes setacea
individualtimelinenode_317065f9-d59a-4a58-9592-ba20dcf81572,8000,7500,Lycopodium dubium
individualtimelinenode_317065f9-d59a-4a58-9592-ba20dcf81572,8000,7500,Ranunc (incl. Batrachium)
individualtimelinenode_317065f9-d59a-4a58-9592-ba20dcf81572,8000,7500,Ranunculus
individualtimelinenode_317065f9-d59a-4a58-9592-ba20dcf81572,8000,7500,Salix glauca t.
individualtimelinenode_317065f9-d59a-4a58-9592-ba20dcf81572,8000,7500,Tofieldia
individualtimelinenode_317065f9-d59a-4a58-9592-ba20dcf81572,8000,7500,Eupotamogeton
individualtimelinenode_317065f9-d59a-4a58-9592-ba20dcf81572,8000,7500,Bortychium
individualtimelinenode_317065f9-d59a-4a58-9592-ba20dcf81572,8000,7500,Minuartia-Silene t.
individualtimelinenode_317065f9-d59a-4a58-9592-ba20dcf81572,8000,7500,Myriophyllum spicatum
individualtimelinenode_317065f9-d59a-4a58-9592-ba20dcf81572,8000,7500,Oxyria digyna
individualtimelinenode_317065f9-d59a-4a58-9592-ba20dcf81572,8000,7500,Hippuris vulgaris
individualtimelinenode_317065f9-d59a-4a58-9592-ba20dcf81572,8500,8000,Alnus
individualtimelinenode_317065f9-d59a-4a58-9592-ba20dcf81572,8500,8000,Bortychium
individualtimelinenode_317065f9-d59a-4a58-9592-ba20dcf81572,8500,8000,Cyperaceae
individualtimelinenode_317065f9-d59a-4a58-9592-ba20dcf81572,8500,8000,Dryopteris type
individualtimelinenode_317065f9-d59a-4a58-9592-ba20dcf81572,8500,8000,Empetrum
individualtimelinenode_317065f9-d59a-4a58-9592-ba20dcf81572,8500,8000,Equisetum
individualtimelinenode_317065f9-d59a-4a58-9592-ba20dcf81572,8500,8000,Gramineae
individualtimelinenode_317065f9-d59a-4a58-9592-ba20dcf81572,8500,8000,Isoetes setacea
individualtimelinenode_317065f9-d59a-4a58-9592-ba20dcf81572,8500,8000,Lycopodium dubium
individualtimelinenode_317065f9-d59a-4a58-9592-ba20dcf81572,8500,8000,Minuartia-Silene t.
individualtimelinenode_317065f9-d59a-4a58-9592-ba20dcf81572,8500,8000,Myriophyllum spicatum
individualtimelinenode_317065f9-d59a-4a58-9592-ba20dcf81572,8500,8000,Oxyria digyna
individualtimelinenode_317065f9-d59a-4a58-9592-ba20dcf81572,8500,8000,Salix glauca t.
individualtimelinenode_317065f9-d59a-4a58-9592-ba20dcf81572,8500,8000,Hippuris vulgaris
individualtimelinenode_317065f9-d59a-4a58-9592-ba20dcf81572,8500,8000,Ledum
individualtimelinenode_317065f9-d59a-4a58-9592-ba20dcf81572,8500,8000,Ranunc (incl. Batrachium)
individualtimelinenode_317065f9-d59a-4a58-9592-ba20dcf81572,8500,8000,Ranunculus
individualtimelinenode_317065f9-d59a-4a58-9592-ba20dcf81572,8500,8000,Angelica archangel.
individualtimelinenode_317065f9-d59a-4a58-9592-ba20dcf81572,8500,8000,Sedum
individualtimelinenode_317065f9-d59a-4a58-9592-ba20dcf81572,9000,8500,Angelica archangel.
individualtimelinenode_317065f9-d59a-4a58-9592-ba20dcf81572,9000,8500,Cyperaceae
individualtimelinenode_317065f9-d59a-4a58-9592-ba20dcf81572,9000,8500,Dryopteris type
individualtimelinenode_317065f9-d59a-4a58-9592-ba20dcf81572,9000,8500,Empetrum
individualtimelinenode_317065f9-d59a-4a58-9592-ba20dcf81572,9000,8500,Gramineae
individualtimelinenode_317065f9-d59a-4a58-9592-ba20dcf81572,9000,8500,Hippuris vulgaris
individualtimelinenode_317065f9-d59a-4a58-9592-ba20dcf81572,9000,8500,Myriophyllum spicatum
individualtimelinenode_317065f9-d59a-4a58-9592-ba20dcf81572,9000,8500,Salix glauca t.
individualtimelinenode_317065f9-d59a-4a58-9592-ba20dcf81572,9000,8500,Oxyria digyna
individualtimelinenode_317065f9-d59a-4a58-9592-ba20dcf81572,9000,8500,Lycopodium dubium
individualtimelinenode_317065f9-d59a-4a58-9592-ba20dcf81572,9000,8500,Sedum
individualtimelinenode_317065f9-d59a-4a58-9592-ba20dcf81572,9000,8500,Equisetum
individualtimelinenode_317065f9-d59a-4a58-9592-ba20dcf81572,9000,8500,Ledum
individualtimelinenode_317065f9-d59a-4a58-9592-ba20dcf81572,9000,8500,Sphagnum
individualtimelinenode_317065f9-d59a-4a58-9592-ba20dcf81572,9000,8500,Thalictrum alpinum
individualtimelinenode_317065f9-d59a-4a58-9592-ba20dcf81572,9000,8500,Ranunc (incl. Batrachium)
individualtimelinenode_317065f9-d59a-4a58-9592-ba20dcf81572,9000,8500,Ranunculus
individualtimelinenode_317065f9-d59a-4a58-9592-ba20dcf81572,9000,8500,Salix herbacea
individualtimelinenode_317065f9-d59a-4a58-9592-ba20dcf81572,9000,8500,Betula
individualtimelinenode_317065f9-d59a-4a58-9592-ba20dcf81572,9500,9000,Cyperaceae
individualtimelinenode_317065f9-d59a-4a58-9592-ba20dcf81572,9500,9000,Dryopteris type
individualtimelinenode_317065f9-d59a-4a58-9592-ba20dcf81572,9500,9000,Empetrum
individualtimelinenode_317065f9-d59a-4a58-9592-ba20dcf81572,9500,9000,Gramineae
individualtimelinenode_317065f9-d59a-4a58-9592-ba20dcf81572,9500,9000,Myriophyllum spicatum
individualtimelinenode_317065f9-d59a-4a58-9592-ba20dcf81572,9500,9000,Ranunc (incl. Batrachium)
individualtimelinenode_317065f9-d59a-4a58-9592-ba20dcf81572,9500,9000,Ranunculus
individualtimelinenode_317065f9-d59a-4a58-9592-ba20dcf81572,9500,9000,Salix herbacea
individualtimelinenode_317065f9-d59a-4a58-9592-ba20dcf81572,9500,9000,Betula
individualtimelinenode_317065f9-d59a-4a58-9592-ba20dcf81572,9500,9000,Hippuris vulgaris
individualtimelinenode_317065f9-d59a-4a58-9592-ba20dcf81572,9500,9000,Lycopodium dubium
individualtimelinenode_317065f9-d59a-4a58-9592-ba20dcf81572,9500,9000,Equisetum
individualtimelinenode_317065f9-d59a-4a58-9592-ba20dcf81572,9500,9000,Loiseleuria procumb.
individualtimelinenode_317065f9-d59a-4a58-9592-ba20dcf81572,9500,9000,Oxyria digyna
individualtimelinenode_317065f9-d59a-4a58-9592-ba20dcf81572,10000,9500,Betula
individualtimelinenode_317065f9-d59a-4a58-9592-ba20dcf81572,10000,9500,Cyperaceae
individualtimelinenode_317065f9-d59a-4a58-9592-ba20dcf81572,10000,9500,Dryopteris type
individualtimelinenode_317065f9-d59a-4a58-9592-ba20dcf81572,10000,9500,Empetrum
individualtimelinenode_317065f9-d59a-4a58-9592-ba20dcf81572,10000,9500,Gramineae
individualtimelinenode_317065f9-d59a-4a58-9592-ba20dcf81572,10000,9500,Hippuris vulgaris
individualtimelinenode_317065f9-d59a-4a58-9592-ba20dcf81572,10000,9500,Lycopodium dubium
individualtimelinenode_317065f9-d59a-4a58-9592-ba20dcf81572,10000,9500,Myriophyllum spicatum
individualtimelinenode_317065f9-d59a-4a58-9592-ba20dcf81572,10000,9500,Ranunc (incl. Batrachium)
individualtimelinenode_317065f9-d59a-4a58-9592-ba20dcf81572,10000,9500,Ranunculus
individualtimelinenode_317065f9-d59a-4a58-9592-ba20dcf81572,10000,9500,Equisetum
individualtimelinenode_317065f9-d59a-4a58-9592-ba20dcf81572,10000,9500,Loiseleuria procumb.
individualtimelinenode_317065f9-d59a-4a58-9592-ba20dcf81572,10000,9500,Oxyria digyna
individualtimelinenode_317065f9-d59a-4a58-9592-ba20dcf81572,10000,9500,Phyllodoce cerulea
individualtimelinenode_317065f9-d59a-4a58-9592-ba20dcf81572,10500,10000,Cyperaceae
individualtimelinenode_317065f9-d59a-4a58-9592-ba20dcf81572,10500,10000,Dryopteris type
individualtimelinenode_317065f9-d59a-4a58-9592-ba20dcf81572,10500,10000,Empetrum
individualtimelinenode_317065f9-d59a-4a58-9592-ba20dcf81572,10500,10000,Gramineae
individualtimelinenode_317065f9-d59a-4a58-9592-ba20dcf81572,10500,10000,Hippuris vulgaris
individualtimelinenode_317065f9-d59a-4a58-9592-ba20dcf81572,10500,10000,Myriophyllum spicatum
individualtimelinenode_317065f9-d59a-4a58-9592-ba20dcf81572,10500,10000,Oxyria digyna
individualtimelinenode_317065f9-d59a-4a58-9592-ba20dcf81572,10500,10000,Phyllodoce cerulea
individualtimelinenode_317065f9-d59a-4a58-9592-ba20dcf81572,10500,10000,Ranunc (incl. Batrachium)
individualtimelinenode_317065f9-d59a-4a58-9592-ba20dcf81572,10500,10000,Ranunculus
individualtimelinenode_317065f9-d59a-4a58-9592-ba20dcf81572,10500,10000,Lycopodium dubium
individualtimelinenode_317065f9-d59a-4a58-9592-ba20dcf81572,11000,10500,Cyperaceae
individualtimelinenode_317065f9-d59a-4a58-9592-ba20dcf81572,11000,10500,Dryopteris type
individualtimelinenode_317065f9-d59a-4a58-9592-ba20dcf81572,11000,10500,Empetrum
individualtimelinenode_317065f9-d59a-4a58-9592-ba20dcf81572,11000,10500,Gramineae
individualtimelinenode_317065f9-d59a-4a58-9592-ba20dcf81572,11000,10500,Hippuris vulgaris
individualtimelinenode_317065f9-d59a-4a58-9592-ba20dcf81572,11000,10500,Lycopodium dubium
individualtimelinenode_317065f9-d59a-4a58-9592-ba20dcf81572,11000,10500,Oxyria digyna
individualtimelinenode_317065f9-d59a-4a58-9592-ba20dcf81572,11000,10500,Ranunc (incl. Batrachium)
individualtimelinenode_317065f9-d59a-4a58-9592-ba20dcf81572,11000,10500,Ranunculus
individualtimelinenode_38a71e4f-a3fa-4afe-b3ab-7166c907c87e,500,0,Alnus
individualtimelinenode_38a71e4f-a3fa-4afe-b3ab-7166c907c87e,500,0,Betula
individualtimelinenode_38a71e4f-a3fa-4afe-b3ab-7166c907c87e,500,0,Cyperaceae
individualtimelinenode_38a71e4f-a3fa-4afe-b3ab-7166c907c87e,500,0,Empetrum herm.
individualtimelinenode_38a71e4f-a3fa-4afe-b3ab-7166c907c87e,500,0,Graminae
individualtimelinenode_38a71e4f-a3fa-4afe-b3ab-7166c907c87e,500,0,Lycopodium dubium
individualtimelinenode_38a71e4f-a3fa-4afe-b3ab-7166c907c87e,500,0,Salix
individualtimelinenode_38a71e4f-a3fa-4afe-b3ab-7166c907c87e,500,0,Dryoperis t.
individualtimelinenode_38a71e4f-a3fa-4afe-b3ab-7166c907c87e,500,0,Potentilla-Comarum t.
individualtimelinenode_38a71e4f-a3fa-4afe-b3ab-7166c907c87e,1000,500,Alnus
individualtimelinenode_38a71e4f-a3fa-4afe-b3ab-7166c907c87e,1000,500,Betula
individualtimelinenode_38a71e4f-a3fa-4afe-b3ab-7166c907c87e,1000,500,Cyperaceae
individualtimelinenode_38a71e4f-a3fa-4afe-b3ab-7166c907c87e,1000,500,Dryoperis t.
individualtimelinenode_38a71e4f-a3fa-4afe-b3ab-7166c907c87e,1000,500,Empetrum herm.
individualtimelinenode_38a71e4f-a3fa-4afe-b3ab-7166c907c87e,1000,500,Graminae
individualtimelinenode_38a71e4f-a3fa-4afe-b3ab-7166c907c87e,1000,500,Lycopodium dubium
individualtimelinenode_38a71e4f-a3fa-4afe-b3ab-7166c907c87e,1000,500,Potentilla-Comarum t.
individualtimelinenode_38a71e4f-a3fa-4afe-b3ab-7166c907c87e,1000,500,Salix
individualtimelinenode_38a71e4f-a3fa-4afe-b3ab-7166c907c87e,1500,1000,Alnus
individualtimelinenode_38a71e4f-a3fa-4afe-b3ab-7166c907c87e,1500,1000,Betula
individualtimelinenode_38a71e4f-a3fa-4afe-b3ab-7166c907c87e,1500,1000,Cyperaceae
individualtimelinenode_38a71e4f-a3fa-4afe-b3ab-7166c907c87e,1500,1000,Graminae
individualtimelinenode_38a71e4f-a3fa-4afe-b3ab-7166c907c87e,1500,1000,Lycopodium dubium
individualtimelinenode_38a71e4f-a3fa-4afe-b3ab-7166c907c87e,1500,1000,Salix
individualtimelinenode_38a71e4f-a3fa-4afe-b3ab-7166c907c87e,1500,1000,Empetrum herm.
individualtimelinenode_38a71e4f-a3fa-4afe-b3ab-7166c907c87e,1500,1000,Juniperus communis
individualtimelinenode_38a71e4f-a3fa-4afe-b3ab-7166c907c87e,1500,1000,Potentilla-Comarum t.
individualtimelinenode_38a71e4f-a3fa-4afe-b3ab-7166c907c87e,2000,1500,Alnus
individualtimelinenode_38a71e4f-a3fa-4afe-b3ab-7166c907c87e,2000,1500,Betula
individualtimelinenode_38a71e4f-a3fa-4afe-b3ab-7166c907c87e,2000,1500,Cyperaceae
individualtimelinenode_38a71e4f-a3fa-4afe-b3ab-7166c907c87e,2000,1500,Empetrum herm.
individualtimelinenode_38a71e4f-a3fa-4afe-b3ab-7166c907c87e,2000,1500,Graminae
individualtimelinenode_38a71e4f-a3fa-4afe-b3ab-7166c907c87e,2000,1500,Salix
individualtimelinenode_38a71e4f-a3fa-4afe-b3ab-7166c907c87e,2000,1500,Juniperus communis
individualtimelinenode_38a71e4f-a3fa-4afe-b3ab-7166c907c87e,2000,1500,Lycopodium dubium
individualtimelinenode_38a71e4f-a3fa-4afe-b3ab-7166c907c87e,2000,1500,Potentilla-Comarum t.
individualtimelinenode_38a71e4f-a3fa-4afe-b3ab-7166c907c87e,2000,1500,Dryoperis t.
individualtimelinenode_38a71e4f-a3fa-4afe-b3ab-7166c907c87e,2500,2000,Alnus
individualtimelinenode_38a71e4f-a3fa-4afe-b3ab-7166c907c87e,2500,2000,Betula
individualtimelinenode_38a71e4f-a3fa-4afe-b3ab-7166c907c87e,2500,2000,Cyperaceae
individualtimelinenode_38a71e4f-a3fa-4afe-b3ab-7166c907c87e,2500,2000,Graminae
individualtimelinenode_38a71e4f-a3fa-4afe-b3ab-7166c907c87e,2500,2000,Juniperus communis
individualtimelinenode_38a71e4f-a3fa-4afe-b3ab-7166c907c87e,2500,2000,Lycopodium dubium
individualtimelinenode_38a71e4f-a3fa-4afe-b3ab-7166c907c87e,2500,2000,Potentilla-Comarum t.
individualtimelinenode_38a71e4f-a3fa-4afe-b3ab-7166c907c87e,2500,2000,Salix
individualtimelinenode_38a71e4f-a3fa-4afe-b3ab-7166c907c87e,2500,2000,Dryoperis t.
individualtimelinenode_38a71e4f-a3fa-4afe-b3ab-7166c907c87e,3000,2500,Alnus
individualtimelinenode_38a71e4f-a3fa-4afe-b3ab-7166c907c87e,3000,2500,Betula
individualtimelinenode_38a71e4f-a3fa-4afe-b3ab-7166c907c87e,3000,2500,Cyperaceae
individualtimelinenode_38a71e4f-a3fa-4afe-b3ab-7166c907c87e,3000,2500,Dryoperis t.
individualtimelinenode_38a71e4f-a3fa-4afe-b3ab-7166c907c87e,3000,2500,Graminae
individualtimelinenode_38a71e4f-a3fa-4afe-b3ab-7166c907c87e,3000,2500,Juniperus communis
individualtimelinenode_38a71e4f-a3fa-4afe-b3ab-7166c907c87e,3000,2500,Lycopodium dubium
individualtimelinenode_38a71e4f-a3fa-4afe-b3ab-7166c907c87e,3000,2500,Salix
individualtimelinenode_38a71e4f-a3fa-4afe-b3ab-7166c907c87e,3000,2500,Potentilla-Comarum t.
individualtimelinenode_38a71e4f-a3fa-4afe-b3ab-7166c907c87e,3500,3000,Alnus
individualtimelinenode_38a71e4f-a3fa-4afe-b3ab-7166c907c87e,3500,3000,Betula
individualtimelinenode_38a71e4f-a3fa-4afe-b3ab-7166c907c87e,3500,3000,Cyperaceae
individualtimelinenode_38a71e4f-a3fa-4afe-b3ab-7166c907c87e,3500,3000,Graminae
individualtimelinenode_38a71e4f-a3fa-4afe-b3ab-7166c907c87e,3500,3000,Juniperus communis
individualtimelinenode_38a71e4f-a3fa-4afe-b3ab-7166c907c87e,3500,3000,Lycopodium dubium
individualtimelinenode_38a71e4f-a3fa-4afe-b3ab-7166c907c87e,3500,3000,Potentilla-Comarum t.
individualtimelinenode_38a71e4f-a3fa-4afe-b3ab-7166c907c87e,3500,3000,Salix
individualtimelinenode_38a71e4f-a3fa-4afe-b3ab-7166c907c87e,3500,3000,Dryoperis t.
individualtimelinenode_38a71e4f-a3fa-4afe-b3ab-7166c907c87e,4000,3500,Alnus
individualtimelinenode_38a71e4f-a3fa-4afe-b3ab-7166c907c87e,4000,3500,Betula
individualtimelinenode_38a71e4f-a3fa-4afe-b3ab-7166c907c87e,4000,3500,Cyperaceae
individualtimelinenode_38a71e4f-a3fa-4afe-b3ab-7166c907c87e,4000,3500,Graminae
individualtimelinenode_38a71e4f-a3fa-4afe-b3ab-7166c907c87e,4000,3500,Juniperus communis
individualtimelinenode_38a71e4f-a3fa-4afe-b3ab-7166c907c87e,4000,3500,Lycopodium dubium
individualtimelinenode_38a71e4f-a3fa-4afe-b3ab-7166c907c87e,4000,3500,Potentilla-Comarum t.
individualtimelinenode_38a71e4f-a3fa-4afe-b3ab-7166c907c87e,4000,3500,Salix
individualtimelinenode_38a71e4f-a3fa-4afe-b3ab-7166c907c87e,4000,3500,Dryoperis t.
individualtimelinenode_38a71e4f-a3fa-4afe-b3ab-7166c907c87e,4000,3500,Gymnocarpum dryop
individualtimelinenode_38a71e4f-a3fa-4afe-b3ab-7166c907c87e,4500,4000,Alnus
individualtimelinenode_38a71e4f-a3fa-4afe-b3ab-7166c907c87e,4500,4000,Betula
individualtimelinenode_38a71e4f-a3fa-4afe-b3ab-7166c907c87e,4500,4000,Cyperaceae
individualtimelinenode_38a71e4f-a3fa-4afe-b3ab-7166c907c87e,4500,4000,Graminae
individualtimelinenode_38a71e4f-a3fa-4afe-b3ab-7166c907c87e,4500,4000,Gymnocarpum dryop
individualtimelinenode_38a71e4f-a3fa-4afe-b3ab-7166c907c87e,4500,4000,Juniperus communis
individualtimelinenode_38a71e4f-a3fa-4afe-b3ab-7166c907c87e,4500,4000,Lycopodium dubium
individualtimelinenode_38a71e4f-a3fa-4afe-b3ab-7166c907c87e,4500,4000,Salix
individualtimelinenode_38a71e4f-a3fa-4afe-b3ab-7166c907c87e,4500,4000,Dryoperis t.
individualtimelinenode_38a71e4f-a3fa-4afe-b3ab-7166c907c87e,4500,4000,Potentilla-Comarum t.
individualtimelinenode_38a71e4f-a3fa-4afe-b3ab-7166c907c87e,5000,4500,Alnus
individualtimelinenode_38a71e4f-a3fa-4afe-b3ab-7166c907c87e,5000,4500,Betula
individualtimelinenode_38a71e4f-a3fa-4afe-b3ab-7166c907c87e,5000,4500,Cyperaceae
individualtimelinenode_38a71e4f-a3fa-4afe-b3ab-7166c907c87e,5000,4500,Dryoperis t.
individualtimelinenode_38a71e4f-a3fa-4afe-b3ab-7166c907c87e,5000,4500,Graminae
individualtimelinenode_38a71e4f-a3fa-4afe-b3ab-7166c907c87e,5000,4500,Juniperus communis
individualtimelinenode_38a71e4f-a3fa-4afe-b3ab-7166c907c87e,5000,4500,Lycopodium dubium
individualtimelinenode_38a71e4f-a3fa-4afe-b3ab-7166c907c87e,5000,4500,Potentilla-Comarum t.
individualtimelinenode_38a71e4f-a3fa-4afe-b3ab-7166c907c87e,5000,4500,Salix
individualtimelinenode_38a71e4f-a3fa-4afe-b3ab-7166c907c87e,5000,4500,Gymnocarpum dryop
individualtimelinenode_38a71e4f-a3fa-4afe-b3ab-7166c907c87e,5000,4500,Rumex acetosella
individualtimelinenode_38a71e4f-a3fa-4afe-b3ab-7166c907c87e,5500,5000,Alnus
individualtimelinenode_38a71e4f-a3fa-4afe-b3ab-7166c907c87e,5500,5000,Betula
individualtimelinenode_38a71e4f-a3fa-4afe-b3ab-7166c907c87e,5500,5000,Cyperaceae
individualtimelinenode_38a71e4f-a3fa-4afe-b3ab-7166c907c87e,5500,5000,Dryoperis t.
individualtimelinenode_38a71e4f-a3fa-4afe-b3ab-7166c907c87e,5500,5000,Graminae
individualtimelinenode_38a71e4f-a3fa-4afe-b3ab-7166c907c87e,5500,5000,Gymnocarpum dryop
individualtimelinenode_38a71e4f-a3fa-4afe-b3ab-7166c907c87e,5500,5000,Juniperus communis
individualtimelinenode_38a71e4f-a3fa-4afe-b3ab-7166c907c87e,5500,5000,Lycopodium dubium
individualtimelinenode_38a71e4f-a3fa-4afe-b3ab-7166c907c87e,5500,5000,Potentilla-Comarum t.
individualtimelinenode_38a71e4f-a3fa-4afe-b3ab-7166c907c87e,5500,5000,Rumex acetosella
individualtimelinenode_38a71e4f-a3fa-4afe-b3ab-7166c907c87e,5500,5000,Salix
individualtimelinenode_38a71e4f-a3fa-4afe-b3ab-7166c907c87e,5500,5000,Angelica archangelica
individualtimelinenode_38a71e4f-a3fa-4afe-b3ab-7166c907c87e,6000,5500,Alnus
individualtimelinenode_38a71e4f-a3fa-4afe-b3ab-7166c907c87e,6000,5500,Betula
individualtimelinenode_38a71e4f-a3fa-4afe-b3ab-7166c907c87e,6000,5500,Cyperaceae
individualtimelinenode_38a71e4f-a3fa-4afe-b3ab-7166c907c87e,6000,5500,Dryoperis t.
individualtimelinenode_38a71e4f-a3fa-4afe-b3ab-7166c907c87e,6000,5500,Graminae
individualtimelinenode_38a71e4f-a3fa-4afe-b3ab-7166c907c87e,6000,5500,Gymnocarpum dryop
individualtimelinenode_38a71e4f-a3fa-4afe-b3ab-7166c907c87e,6000,5500,Juniperus communis
individualtimelinenode_38a71e4f-a3fa-4afe-b3ab-7166c907c87e,6000,5500,Lycopodium dubium
individualtimelinenode_38a71e4f-a3fa-4afe-b3ab-7166c907c87e,6000,5500,Potentilla-Comarum t.
individualtimelinenode_38a71e4f-a3fa-4afe-b3ab-7166c907c87e,6000,5500,Rumex acetosella
individualtimelinenode_38a71e4f-a3fa-4afe-b3ab-7166c907c87e,6000,5500,Salix
individualtimelinenode_38a71e4f-a3fa-4afe-b3ab-7166c907c87e,6000,5500,Angelica archangelica
individualtimelinenode_38a71e4f-a3fa-4afe-b3ab-7166c907c87e,6500,6000,Alnus
individualtimelinenode_38a71e4f-a3fa-4afe-b3ab-7166c907c87e,6500,6000,Angelica archangelica
individualtimelinenode_38a71e4f-a3fa-4afe-b3ab-7166c907c87e,6500,6000,Betula
individualtimelinenode_38a71e4f-a3fa-4afe-b3ab-7166c907c87e,6500,6000,Cyperaceae
individualtimelinenode_38a71e4f-a3fa-4afe-b3ab-7166c907c87e,6500,6000,Dryoperis t.
individualtimelinenode_38a71e4f-a3fa-4afe-b3ab-7166c907c87e,6500,6000,Graminae
individualtimelinenode_38a71e4f-a3fa-4afe-b3ab-7166c907c87e,6500,6000,Gymnocarpum dryop
individualtimelinenode_38a71e4f-a3fa-4afe-b3ab-7166c907c87e,6500,6000,Juniperus communis
individualtimelinenode_38a71e4f-a3fa-4afe-b3ab-7166c907c87e,6500,6000,Lycopodium dubium
individualtimelinenode_38a71e4f-a3fa-4afe-b3ab-7166c907c87e,6500,6000,Salix
individualtimelinenode_38a71e4f-a3fa-4afe-b3ab-7166c907c87e,6500,6000,Potentilla-Comarum t.
individualtimelinenode_38a71e4f-a3fa-4afe-b3ab-7166c907c87e,6500,6000,Empetrum herm.
individualtimelinenode_38a71e4f-a3fa-4afe-b3ab-7166c907c87e,7000,6500,Alnus
individualtimelinenode_38a71e4f-a3fa-4afe-b3ab-7166c907c87e,7000,6500,Angelica archangelica
individualtimelinenode_38a71e4f-a3fa-4afe-b3ab-7166c907c87e,7000,6500,Betula
individualtimelinenode_38a71e4f-a3fa-4afe-b3ab-7166c907c87e,7000,6500,Cyperaceae
individualtimelinenode_38a71e4f-a3fa-4afe-b3ab-7166c907c87e,7000,6500,Dryoperis t.
individualtimelinenode_38a71e4f-a3fa-4afe-b3ab-7166c907c87e,7000,6500,Empetrum herm.
individualtimelinenode_38a71e4f-a3fa-4afe-b3ab-7166c907c87e,7000,6500,Graminae
individualtimelinenode_38a71e4f-a3fa-4afe-b3ab-7166c907c87e,7000,6500,Lycopodium dubium
individualtimelinenode_38a71e4f-a3fa-4afe-b3ab-7166c907c87e,7000,6500,Salix
individualtimelinenode_38a71e4f-a3fa-4afe-b3ab-7166c907c87e,7000,6500,Saxifraga oppositifol. t.
individualtimelinenode_38a71e4f-a3fa-4afe-b3ab-7166c907c87e,7500,7000,Alnus
individualtimelinenode_38a71e4f-a3fa-4afe-b3ab-7166c907c87e,7500,7000,Cyperaceae
individualtimelinenode_38a71e4f-a3fa-4afe-b3ab-7166c907c87e,7500,7000,Dryoperis t.
individualtimelinenode_38a71e4f-a3fa-4afe-b3ab-7166c907c87e,7500,7000,Empetrum herm.
individualtimelinenode_38a71e4f-a3fa-4afe-b3ab-7166c907c87e,7500,7000,Graminae
individualtimelinenode_38a71e4f-a3fa-4afe-b3ab-7166c907c87e,7500,7000,Lycopodium dubium
individualtimelinenode_38a71e4f-a3fa-4afe-b3ab-7166c907c87e,7500,7000,Saxifraga oppositifol. t.
individualtimelinenode_38a71e4f-a3fa-4afe-b3ab-7166c907c87e,7500,7000,Betula
individualtimelinenode_38a71e4f-a3fa-4afe-b3ab-7166c907c87e,7500,7000,Potentilla-Comarum t.
individualtimelinenode_38a71e4f-a3fa-4afe-b3ab-7166c907c87e,7500,7000,Salix
individualtimelinenode_38a71e4f-a3fa-4afe-b3ab-7166c907c87e,8000,7500,Alnus
individualtimelinenode_38a71e4f-a3fa-4afe-b3ab-7166c907c87e,8000,7500,Betula
individualtimelinenode_38a71e4f-a3fa-4afe-b3ab-7166c907c87e,8000,7500,Dryoperis t.
individualtimelinenode_38a71e4f-a3fa-4afe-b3ab-7166c907c87e,8000,7500,Graminae
individualtimelinenode_38a71e4f-a3fa-4afe-b3ab-7166c907c87e,8000,7500,Lycopodium dubium
individualtimelinenode_38a71e4f-a3fa-4afe-b3ab-7166c907c87e,8000,7500,Potentilla-Comarum t.
individualtimelinenode_38a71e4f-a3fa-4afe-b3ab-7166c907c87e,8000,7500,Salix
individualtimelinenode_38a71e4f-a3fa-4afe-b3ab-7166c907c87e,8000,7500,Cyperaceae
individualtimelinenode_38a71e4f-a3fa-4afe-b3ab-7166c907c87e,8000,7500,Empetrum herm.
individualtimelinenode_38a71e4f-a3fa-4afe-b3ab-7166c907c87e,8000,7500,Huperzia selago
individualtimelinenode_38a71e4f-a3fa-4afe-b3ab-7166c907c87e,8500,8000,Alnus
individualtimelinenode_38a71e4f-a3fa-4afe-b3ab-7166c907c87e,8500,8000,Cyperaceae
individualtimelinenode_38a71e4f-a3fa-4afe-b3ab-7166c907c87e,8500,8000,Dryoperis t.
individualtimelinenode_38a71e4f-a3fa-4afe-b3ab-7166c907c87e,8500,8000,Graminae
individualtimelinenode_38a71e4f-a3fa-4afe-b3ab-7166c907c87e,8500,8000,Salix
individualtimelinenode_38a71e4f-a3fa-4afe-b3ab-7166c907c87e,8500,8000,Empetrum herm.
individualtimelinenode_38a71e4f-a3fa-4afe-b3ab-7166c907c87e,8500,8000,Huperzia selago
individualtimelinenode_38a71e4f-a3fa-4afe-b3ab-7166c907c87e,8500,8000,Lycopodium dubium
individualtimelinenode_38a71e4f-a3fa-4afe-b3ab-7166c907c87e,8500,8000,Potentilla-Comarum t.
individualtimelinenode_38a71e4f-a3fa-4afe-b3ab-7166c907c87e,8500,8000,Minuartia-Silene t.
individualtimelinenode_38a71e4f-a3fa-4afe-b3ab-7166c907c87e,8500,8000,Oxyria digyna
individualtimelinenode_38a71e4f-a3fa-4afe-b3ab-7166c907c87e,8500,8000,Chamaenerion
individualtimelinenode_38a71e4f-a3fa-4afe-b3ab-7166c907c87e,9000,8500,Cyperaceae
individualtimelinenode_38a71e4f-a3fa-4afe-b3ab-7166c907c87e,9000,8500,Dryoperis t.
individualtimelinenode_38a71e4f-a3fa-4afe-b3ab-7166c907c87e,9000,8500,Empetrum herm.
individualtimelinenode_38a71e4f-a3fa-4afe-b3ab-7166c907c87e,9000,8500,Graminae
individualtimelinenode_38a71e4f-a3fa-4afe-b3ab-7166c907c87e,9000,8500,Minuartia-Silene t.
individualtimelinenode_38a71e4f-a3fa-4afe-b3ab-7166c907c87e,9000,8500,Oxyria digyna
individualtimelinenode_38a71e4f-a3fa-4afe-b3ab-7166c907c87e,9000,8500,Salix
individualtimelinenode_38a71e4f-a3fa-4afe-b3ab-7166c907c87e,9000,8500,Alnus
individualtimelinenode_38a71e4f-a3fa-4afe-b3ab-7166c907c87e,9000,8500,Chamaenerion
individualtimelinenode_38a71e4f-a3fa-4afe-b3ab-7166c907c87e,9000,8500,Potentilla-Comarum t.
individualtimelinenode_38a71e4f-a3fa-4afe-b3ab-7166c907c87e,9000,8500,Huperzia selago
individualtimelinenode_38a71e4f-a3fa-4afe-b3ab-7166c907c87e,9000,8500,Lycopodium dubium
individualtimelinenode_38a71e4f-a3fa-4afe-b3ab-7166c907c87e,9000,8500,Cassiope-Harrimanella
individualtimelinenode_38a71e4f-a3fa-4afe-b3ab-7166c907c87e,9500,9000,Cyperaceae
individualtimelinenode_38a71e4f-a3fa-4afe-b3ab-7166c907c87e,9500,9000,Dryoperis t.
individualtimelinenode_38a71e4f-a3fa-4afe-b3ab-7166c907c87e,9500,9000,Empetrum herm.
individualtimelinenode_38a71e4f-a3fa-4afe-b3ab-7166c907c87e,9500,9000,Graminae
individualtimelinenode_38a71e4f-a3fa-4afe-b3ab-7166c907c87e,9500,9000,Huperzia selago
individualtimelinenode_38a71e4f-a3fa-4afe-b3ab-7166c907c87e,9500,9000,Lycopodium dubium
individualtimelinenode_38a71e4f-a3fa-4afe-b3ab-7166c907c87e,9500,9000,Oxyria digyna
individualtimelinenode_38a71e4f-a3fa-4afe-b3ab-7166c907c87e,9500,9000,Potentilla-Comarum t.
individualtimelinenode_38a71e4f-a3fa-4afe-b3ab-7166c907c87e,9500,9000,Cassiope-Harrimanella
individualtimelinenode_38a71e4f-a3fa-4afe-b3ab-7166c907c87e,9500,9000,Equisetum
individualtimelinenode_38a71e4f-a3fa-4afe-b3ab-7166c907c87e,9500,9000,Loiseleuria procumb.
individualtimelinenode_38a71e4f-a3fa-4afe-b3ab-7166c907c87e,9500,9000,Saxifraga oppositifol. t.
individualtimelinenode_38a71e4f-a3fa-4afe-b3ab-7166c907c87e,10000,9500,Cassiope-Harrimanella
individualtimelinenode_38a71e4f-a3fa-4afe-b3ab-7166c907c87e,10000,9500,Cyperaceae
individualtimelinenode_38a71e4f-a3fa-4afe-b3ab-7166c907c87e,10000,9500,Dryoperis t.
individualtimelinenode_38a71e4f-a3fa-4afe-b3ab-7166c907c87e,10000,9500,Empetrum herm.
individualtimelinenode_38a71e4f-a3fa-4afe-b3ab-7166c907c87e,10000,9500,Graminae
individualtimelinenode_38a71e4f-a3fa-4afe-b3ab-7166c907c87e,10000,9500,Oxyria digyna
individualtimelinenode_38a71e4f-a3fa-4afe-b3ab-7166c907c87e,10000,9500,Potentilla-Comarum t.
individualtimelinenode_38a71e4f-a3fa-4afe-b3ab-7166c907c87e,10000,9500,Equisetum
individualtimelinenode_38a71e4f-a3fa-4afe-b3ab-7166c907c87e,10000,9500,Loiseleuria procumb.
individualtimelinenode_38a71e4f-a3fa-4afe-b3ab-7166c907c87e,10000,9500,Saxifraga oppositifol. t.
individualtimelinenode_38a71e4f-a3fa-4afe-b3ab-7166c907c87e,10000,9500,Betula
individualtimelinenode_38a71e4f-a3fa-4afe-b3ab-7166c907c87e,10000,9500,Huperzia selago
individualtimelinenode_38a71e4f-a3fa-4afe-b3ab-7166c907c87e,10000,9500,Minuartia-Silene t.
individualtimelinenode_38a71e4f-a3fa-4afe-b3ab-7166c907c87e,10000,9500,Alnus
individualtimelinenode_38a71e4f-a3fa-4afe-b3ab-7166c907c87e,10500,10000,Betula
individualtimelinenode_38a71e4f-a3fa-4afe-b3ab-7166c907c87e,10500,10000,Cyperaceae
individualtimelinenode_38a71e4f-a3fa-4afe-b3ab-7166c907c87e,10500,10000,Dryoperis t.
individualtimelinenode_38a71e4f-a3fa-4afe-b3ab-7166c907c87e,10500,10000,Empetrum herm.
individualtimelinenode_38a71e4f-a3fa-4afe-b3ab-7166c907c87e,10500,10000,Graminae
individualtimelinenode_38a71e4f-a3fa-4afe-b3ab-7166c907c87e,10500,10000,Huperzia selago
individualtimelinenode_38a71e4f-a3fa-4afe-b3ab-7166c907c87e,10500,10000,Minuartia-Silene t.
individualtimelinenode_38a71e4f-a3fa-4afe-b3ab-7166c907c87e,10500,10000,Oxyria digyna
individualtimelinenode_38a71e4f-a3fa-4afe-b3ab-7166c907c87e,10500,10000,Alnus
individualtimelinenode_38a71e4f-a3fa-4afe-b3ab-7166c907c87e,10500,10000,Saxifraga oppositifol. t.
individualtimelinenode_38a71e4f-a3fa-4afe-b3ab-7166c907c87e,10500,10000,Chamaenerion
individualtimelinenode_38a71e4f-a3fa-4afe-b3ab-7166c907c87e,10500,10000,Potentilla-Comarum t.
individualtimelinenode_38a71e4f-a3fa-4afe-b3ab-7166c907c87e,10500,10000,Saxifraga caespitosa
individualtimelinenode_38a71e4f-a3fa-4afe-b3ab-7166c907c87e,10500,10000,Saxifraga nivalis t.
individualtimelinenode_38a71e4f-a3fa-4afe-b3ab-7166c907c87e,10500,10000,Sedum
individualtimelinenode_38a71e4f-a3fa-4afe-b3ab-7166c907c87e,10500,10000,Woodsia
individualtimelinenode_38a71e4f-a3fa-4afe-b3ab-7166c907c87e,11000,10500,Cyperaceae
individualtimelinenode_38a71e4f-a3fa-4afe-b3ab-7166c907c87e,11000,10500,Dryoperis t.
individualtimelinenode_38a71e4f-a3fa-4afe-b3ab-7166c907c87e,11000,10500,Empetrum herm.
individualtimelinenode_38a71e4f-a3fa-4afe-b3ab-7166c907c87e,11000,10500,Graminae
individualtimelinenode_38a71e4f-a3fa-4afe-b3ab-7166c907c87e,11000,10500,Huperzia selago
individualtimelinenode_38a71e4f-a3fa-4afe-b3ab-7166c907c87e,11000,10500,Minuartia-Silene t.
individualtimelinenode_38a71e4f-a3fa-4afe-b3ab-7166c907c87e,11000,10500,Oxyria digyna
individualtimelinenode_38a71e4f-a3fa-4afe-b3ab-7166c907c87e,11000,10500,Alnus
individualtimelinenode_38a71e4f-a3fa-4afe-b3ab-7166c907c87e,11000,10500,Saxifraga oppositifol. t.
individualtimelinenode_38a71e4f-a3fa-4afe-b3ab-7166c907c87e,11000,10500,Chamaenerion
individualtimelinenode_38a71e4f-a3fa-4afe-b3ab-7166c907c87e,11000,10500,Potentilla-Comarum t.
individualtimelinenode_38a71e4f-a3fa-4afe-b3ab-7166c907c87e,11000,10500,Saxifraga caespitosa
individualtimelinenode_38a71e4f-a3fa-4afe-b3ab-7166c907c87e,11000,10500,Saxifraga nivalis t.
individualtimelinenode_38a71e4f-a3fa-4afe-b3ab-7166c907c87e,11000,10500,Sedum
individualtimelinenode_38a71e4f-a3fa-4afe-b3ab-7166c907c87e,11000,10500,Woodsia
individualtimelinenode_38a71e4f-a3fa-4afe-b3ab-7166c907c87e,11500,11000,Alnus
individualtimelinenode_38a71e4f-a3fa-4afe-b3ab-7166c907c87e,11500,11000,Dryoperis t.
individualtimelinenode_38a71e4f-a3fa-4afe-b3ab-7166c907c87e,11500,11000,Empetrum herm.
individualtimelinenode_38a71e4f-a3fa-4afe-b3ab-7166c907c87e,11500,11000,Graminae
individualtimelinenode_38a71e4f-a3fa-4afe-b3ab-7166c907c87e,11500,11000,Minuartia-Silene t.
individualtimelinenode_38a71e4f-a3fa-4afe-b3ab-7166c907c87e,11500,11000,Oxyria digyna
individualtimelinenode_38a71e4f-a3fa-4afe-b3ab-7166c907c87e,11500,11000,Saxifraga oppositifol. t.
individualtimelinenode_38a71e4f-a3fa-4afe-b3ab-7166c907c87e,11500,11000,Chamaenerion
individualtimelinenode_38a71e4f-a3fa-4afe-b3ab-7166c907c87e,11500,11000,Cyperaceae
individualtimelinenode_38a71e4f-a3fa-4afe-b3ab-7166c907c87e,11500,11000,Potentilla-Comarum t.
individualtimelinenode_38a71e4f-a3fa-4afe-b3ab-7166c907c87e,11500,11000,Saxifraga caespitosa
individualtimelinenode_38a71e4f-a3fa-4afe-b3ab-7166c907c87e,11500,11000,Saxifraga nivalis t.
individualtimelinenode_38a71e4f-a3fa-4afe-b3ab-7166c907c87e,11500,11000,Sedum
individualtimelinenode_38a71e4f-a3fa-4afe-b3ab-7166c907c87e,11500,11000,Woodsia
individualtimelinenode_c2805b46-f963-491a-b825-766208e247a0,500,0,Alnus
individualtimelinenode_c2805b46-f963-491a-b825-766208e247a0,500,0,Betula
individualtimelinenode_c2805b46-f963-491a-b825-766208e247a0,500,0,Cyperaceae
individualtimelinenode_c2805b46-f963-491a-b825-766208e247a0,500,0,Gramineae
individualtimelinenode_c2805b46-f963-491a-b825-766208e247a0,500,0,Salix glauca t.
individualtimelinenode_c2805b46-f963-491a-b825-766208e247a0,500,0,Ledum
individualtimelinenode_c2805b46-f963-491a-b825-766208e247a0,500,0,Lycopodium dubium
individualtimelinenode_c2805b46-f963-491a-b825-766208e247a0,1000,500,Alnus
individualtimelinenode_c2805b46-f963-491a-b825-766208e247a0,1000,500,Betula
individualtimelinenode_c2805b46-f963-491a-b825-766208e247a0,1000,500,Cyperaceae
individualtimelinenode_c2805b46-f963-491a-b825-766208e247a0,1000,500,Gramineae
individualtimelinenode_c2805b46-f963-491a-b825-766208e247a0,1000,500,Ledum
individualtimelinenode_c2805b46-f963-491a-b825-766208e247a0,1000,500,Lycopodium dubium
individualtimelinenode_c2805b46-f963-491a-b825-766208e247a0,1000,500,Salix glauca t.
individualtimelinenode_c2805b46-f963-491a-b825-766208e247a0,1000,500,Empetrum hermaphr.
individualtimelinenode_c2805b46-f963-491a-b825-766208e247a0,1000,500,Ericales sp. indet.
individualtimelinenode_c2805b46-f963-491a-b825-766208e247a0,1500,1000,Alnus
individualtimelinenode_c2805b46-f963-491a-b825-766208e247a0,1500,1000,Betula
individualtimelinenode_c2805b46-f963-491a-b825-766208e247a0,1500,1000,Cyperaceae
individualtimelinenode_c2805b46-f963-491a-b825-766208e247a0,1500,1000,Ericales sp. indet.
individualtimelinenode_c2805b46-f963-491a-b825-766208e247a0,1500,1000,Gramineae
individualtimelinenode_c2805b46-f963-491a-b825-766208e247a0,1500,1000,Ledum
individualtimelinenode_c2805b46-f963-491a-b825-766208e247a0,1500,1000,Lycopodium dubium
individualtimelinenode_c2805b46-f963-491a-b825-766208e247a0,1500,1000,Salix glauca t.
individualtimelinenode_c2805b46-f963-491a-b825-766208e247a0,1500,1000,Juniperus communis
individualtimelinenode_c2805b46-f963-491a-b825-766208e247a0,2000,1500,Betula
individualtimelinenode_c2805b46-f963-491a-b825-766208e247a0,2000,1500,Cyperaceae
individualtimelinenode_c2805b46-f963-491a-b825-766208e247a0,2000,1500,Gramineae
individualtimelinenode_c2805b46-f963-491a-b825-766208e247a0,2000,1500,Alnus
individualtimelinenode_c2805b46-f963-491a-b825-766208e247a0,2000,1500,Ericales sp. indet.
individualtimelinenode_c2805b46-f963-491a-b825-766208e247a0,2000,1500,Juniperus communis
individualtimelinenode_c2805b46-f963-491a-b825-766208e247a0,2000,1500,Ledum
individualtimelinenode_c2805b46-f963-491a-b825-766208e247a0,2000,1500,Lycopodium dubium
individualtimelinenode_c2805b46-f963-491a-b825-766208e247a0,2000,1500,Salix glauca t.
individualtimelinenode_c2805b46-f963-491a-b825-766208e247a0,2500,2000,Alnus
individualtimelinenode_c2805b46-f963-491a-b825-766208e247a0,2500,2000,Betula
individualtimelinenode_c2805b46-f963-491a-b825-766208e247a0,2500,2000,Cyperaceae
individualtimelinenode_c2805b46-f963-491a-b825-766208e247a0,2500,2000,Juniperus communis
individualtimelinenode_c2805b46-f963-491a-b825-766208e247a0,2500,2000,Ledum
individualtimelinenode_c2805b46-f963-491a-b825-766208e247a0,2500,2000,Salix glauca t.
individualtimelinenode_c2805b46-f963-491a-b825-766208e247a0,2500,2000,Gramineae
individualtimelinenode_c2805b46-f963-491a-b825-766208e247a0,2500,2000,Lycopodium dubium
individualtimelinenode_c2805b46-f963-491a-b825-766208e247a0,2500,2000,Ericales sp. indet.
individualtimelinenode_c2805b46-f963-491a-b825-766208e247a0,3000,2500,Alnus
individualtimelinenode_c2805b46-f963-491a-b825-766208e247a0,3000,2500,Betula
individualtimelinenode_c2805b46-f963-491a-b825-766208e247a0,3000,2500,Cyperaceae
individualtimelinenode_c2805b46-f963-491a-b825-766208e247a0,3000,2500,Ericales sp. indet.
individualtimelinenode_c2805b46-f963-491a-b825-766208e247a0,3000,2500,Gramineae
individualtimelinenode_c2805b46-f963-491a-b825-766208e247a0,3000,2500,Juniperus communis
individualtimelinenode_c2805b46-f963-491a-b825-766208e247a0,3000,2500,Lycopodium dubium
individualtimelinenode_c2805b46-f963-491a-b825-766208e247a0,3000,2500,Salix glauca t.
individualtimelinenode_c2805b46-f963-491a-b825-766208e247a0,3500,3000,Alnus
individualtimelinenode_c2805b46-f963-491a-b825-766208e247a0,3500,3000,Betula
individualtimelinenode_c2805b46-f963-491a-b825-766208e247a0,3500,3000,Cyperaceae
individualtimelinenode_c2805b46-f963-491a-b825-766208e247a0,3500,3000,Gramineae
individualtimelinenode_c2805b46-f963-491a-b825-766208e247a0,3500,3000,Lycopodium dubium
individualtimelinenode_c2805b46-f963-491a-b825-766208e247a0,3500,3000,Salix glauca t.
individualtimelinenode_c2805b46-f963-491a-b825-766208e247a0,3500,3000,Juniperus communis
individualtimelinenode_c2805b46-f963-491a-b825-766208e247a0,4000,3500,Alnus
individualtimelinenode_c2805b46-f963-491a-b825-766208e247a0,4000,3500,Betula
individualtimelinenode_c2805b46-f963-491a-b825-766208e247a0,4000,3500,Cyperaceae
individualtimelinenode_c2805b46-f963-491a-b825-766208e247a0,4000,3500,Gramineae
individualtimelinenode_c2805b46-f963-491a-b825-766208e247a0,4000,3500,Juniperus communis
individualtimelinenode_c2805b46-f963-491a-b825-766208e247a0,4000,3500,Lycopodium dubium
individualtimelinenode_c2805b46-f963-491a-b825-766208e247a0,4000,3500,Salix glauca t.
individualtimelinenode_c2805b46-f963-491a-b825-766208e247a0,4000,3500,Ledum
individualtimelinenode_c2805b46-f963-491a-b825-766208e247a0,4500,4000,Alnus
individualtimelinenode_c2805b46-f963-491a-b825-766208e247a0,4500,4000,Betula
individualtimelinenode_c2805b46-f963-491a-b825-766208e247a0,4500,4000,Cyperaceae
individualtimelinenode_c2805b46-f963-491a-b825-766208e247a0,4500,4000,Gramineae
individualtimelinenode_c2805b46-f963-491a-b825-766208e247a0,4500,4000,Juniperus communis
individualtimelinenode_c2805b46-f963-491a-b825-766208e247a0,4500,4000,Ledum
individualtimelinenode_c2805b46-f963-491a-b825-766208e247a0,4500,4000,Lycopodium dubium
individualtimelinenode_c2805b46-f963-491a-b825-766208e247a0,4500,4000,Salix glauca t.
individualtimelinenode_c2805b46-f963-491a-b825-766208e247a0,4500,4000,Ericales sp. indet.
individualtimelinenode_c2805b46-f963-491a-b825-766208e247a0,4500,4000,Empetrum hermaphr.
individualtimelinenode_c2805b46-f963-491a-b825-766208e247a0,5000,4500,Alnus
individualtimelinenode_c2805b46-f963-491a-b825-766208e247a0,5000,4500,Betula
individualtimelinenode_c2805b46-f963-491a-b825-766208e247a0,5000,4500,Cyperaceae
individualtimelinenode_c2805b46-f963-491a-b825-766208e247a0,5000,4500,Ericales sp. indet.
individualtimelinenode_c2805b46-f963-491a-b825-766208e247a0,5000,4500,Gramineae
individualtimelinenode_c2805b46-f963-491a-b825-766208e247a0,5000,4500,Juniperus communis
individualtimelinenode_c2805b46-f963-491a-b825-766208e247a0,5000,4500,Lycopodium dubium
individualtimelinenode_c2805b46-f963-491a-b825-766208e247a0,5000,4500,Salix glauca t.
individualtimelinenode_c2805b46-f963-491a-b825-766208e247a0,5000,4500,Empetrum hermaphr.
individualtimelinenode_c2805b46-f963-491a-b825-766208e247a0,5500,5000,Betula
individualtimelinenode_c2805b46-f963-491a-b825-766208e247a0,5500,5000,Cyperaceae
individualtimelinenode_c2805b46-f963-491a-b825-766208e247a0,5500,5000,Gramineae
individualtimelinenode_c2805b46-f963-491a-b825-766208e247a0,5500,5000,Juniperus communis
individualtimelinenode_c2805b46-f963-491a-b825-766208e247a0,5500,5000,Lycopodium dubium
individualtimelinenode_c2805b46-f963-491a-b825-766208e247a0,5500,5000,Salix glauca t.
individualtimelinenode_c2805b46-f963-491a-b825-766208e247a0,5500,5000,Empetrum hermaphr.
individualtimelinenode_c2805b46-f963-491a-b825-766208e247a0,5500,5000,Ericales sp. indet.
individualtimelinenode_c2805b46-f963-491a-b825-766208e247a0,6000,5500,Betula
individualtimelinenode_c2805b46-f963-491a-b825-766208e247a0,6000,5500,Cyperaceae
individualtimelinenode_c2805b46-f963-491a-b825-766208e247a0,6000,5500,Empetrum hermaphr.
individualtimelinenode_c2805b46-f963-491a-b825-766208e247a0,6000,5500,Gramineae
individualtimelinenode_c2805b46-f963-491a-b825-766208e247a0,6000,5500,Juniperus communis
individualtimelinenode_c2805b46-f963-491a-b825-766208e247a0,6000,5500,Lycopodium dubium
individualtimelinenode_c2805b46-f963-491a-b825-766208e247a0,6000,5500,Salix glauca t.
individualtimelinenode_c2805b46-f963-491a-b825-766208e247a0,6000,5500,Ericales sp. indet.
individualtimelinenode_c2805b46-f963-491a-b825-766208e247a0,6000,5500,Dryopteris t.
individualtimelinenode_c2805b46-f963-491a-b825-766208e247a0,6000,5500,Gymnocarpium dryopt.
individualtimelinenode_c2805b46-f963-491a-b825-766208e247a0,6000,5500,Ranunculus
individualtimelinenode_c2805b46-f963-491a-b825-766208e247a0,6500,6000,Betula
individualtimelinenode_c2805b46-f963-491a-b825-766208e247a0,6500,6000,Cyperaceae
individualtimelinenode_c2805b46-f963-491a-b825-766208e247a0,6500,6000,Dryopteris t.
individualtimelinenode_c2805b46-f963-491a-b825-766208e247a0,6500,6000,Gramineae
individualtimelinenode_c2805b46-f963-491a-b825-766208e247a0,6500,6000,Gymnocarpium dryopt.
individualtimelinenode_c2805b46-f963-491a-b825-766208e247a0,6500,6000,Juniperus communis
individualtimelinenode_c2805b46-f963-491a-b825-766208e247a0,6500,6000,Ranunculus
individualtimelinenode_c2805b46-f963-491a-b825-766208e247a0,6500,6000,Salix glauca t.
individualtimelinenode_c2805b46-f963-491a-b825-766208e247a0,6500,6000,Lycopodium dubium
individualtimelinenode_c2805b46-f963-491a-b825-766208e247a0,6500,6000,Empetrum hermaphr.
individualtimelinenode_c2805b46-f963-491a-b825-766208e247a0,7000,6500,Betula
individualtimelinenode_c2805b46-f963-491a-b825-766208e247a0,7000,6500,Cyperaceae
individualtimelinenode_c2805b46-f963-491a-b825-766208e247a0,7000,6500,Empetrum hermaphr.
individualtimelinenode_c2805b46-f963-491a-b825-766208e247a0,7000,6500,Gramineae
individualtimelinenode_c2805b46-f963-491a-b825-766208e247a0,7000,6500,Gymnocarpium dryopt.
individualtimelinenode_c2805b46-f963-491a-b825-766208e247a0,7000,6500,Juniperus communis
individualtimelinenode_c2805b46-f963-491a-b825-766208e247a0,7000,6500,Lycopodium dubium
individualtimelinenode_c2805b46-f963-491a-b825-766208e247a0,7000,6500,Salix glauca t.
individualtimelinenode_c2805b46-f963-491a-b825-766208e247a0,7500,7000,Betula
individualtimelinenode_c2805b46-f963-491a-b825-766208e247a0,7500,7000,Cyperaceae
individualtimelinenode_c2805b46-f963-491a-b825-766208e247a0,7500,7000,Empetrum hermaphr.
individualtimelinenode_c2805b46-f963-491a-b825-766208e247a0,7500,7000,Gramineae
individualtimelinenode_c2805b46-f963-491a-b825-766208e247a0,7500,7000,Juniperus communis
individualtimelinenode_c2805b46-f963-491a-b825-766208e247a0,7500,7000,Salix glauca t.
individualtimelinenode_c2805b46-f963-491a-b825-766208e247a0,7500,7000,Alnus
individualtimelinenode_c2805b46-f963-491a-b825-766208e247a0,7500,7000,Dryopteris t.
individualtimelinenode_c2805b46-f963-491a-b825-766208e247a0,7500,7000,Lycopodium dubium
individualtimelinenode_c2805b46-f963-491a-b825-766208e247a0,7500,7000,Thalictrum alpinum
individualtimelinenode_c2805b46-f963-491a-b825-766208e247a0,8000,7500,Alnus
individualtimelinenode_c2805b46-f963-491a-b825-766208e247a0,8000,7500,Cyperaceae
individualtimelinenode_c2805b46-f963-491a-b825-766208e247a0,8000,7500,Dryopteris t.
individualtimelinenode_c2805b46-f963-491a-b825-766208e247a0,8000,7500,Ericales sp. indet.
individualtimelinenode_c2805b46-f963-491a-b825-766208e247a0,8000,7500,Ledum
individualtimelinenode_c2805b46-f963-491a-b825-766208e247a0,8000,7500,Thalictrum alpinum
individualtimelinenode_c2805b46-f963-491a-b825-766208e247a0,8500,8000,Alnus
individualtimelinenode_c2805b46-f963-491a-b825-766208e247a0,8500,8000,Cyperaceae
individualtimelinenode_c2805b46-f963-491a-b825-766208e247a0,8500,8000,Dryopteris t.
individualtimelinenode_c2805b46-f963-491a-b825-766208e247a0,8500,8000,Ericales sp. indet.
individualtimelinenode_c2805b46-f963-491a-b825-766208e247a0,8500,8000,Ledum
individualtimelinenode_c2805b46-f963-491a-b825-766208e247a0,8500,8000,Thalictrum alpinum
individualtimelinenode_c2805b46-f963-491a-b825-766208e247a0,8500,8000,Empetrum hermaphr.
individualtimelinenode_c2805b46-f963-491a-b825-766208e247a0,8500,8000,Gramineae
individualtimelinenode_c2805b46-f963-491a-b825-766208e247a0,8500,8000,Potentilla Comarum t.
individualtimelinenode_c2805b46-f963-491a-b825-766208e247a0,8500,8000,Salix glauca t.
individualtimelinenode_c2805b46-f963-491a-b825-766208e247a0,9000,8500,Cyperaceae
individualtimelinenode_c2805b46-f963-491a-b825-766208e247a0,9000,8500,Dryopteris t.
individualtimelinenode_c2805b46-f963-491a-b825-766208e247a0,9000,8500,Elymus aren.ssp.mollis
individualtimelinenode_c2805b46-f963-491a-b825-766208e247a0,9000,8500,Eqisetum
individualtimelinenode_c2805b46-f963-491a-b825-766208e247a0,9000,8500,Gramineae
individualtimelinenode_c2805b46-f963-491a-b825-766208e247a0,9000,8500,Ledum
individualtimelinenode_c2805b46-f963-491a-b825-766208e247a0,9000,8500,Minuartia-Silene t.
individualtimelinenode_c2805b46-f963-491a-b825-766208e247a0,9000,8500,Empetrum hermaphr.
individualtimelinenode_c2805b46-f963-491a-b825-766208e247a0,9000,8500,Ericales sp. indet.
individualtimelinenode_c2805b46-f963-491a-b825-766208e247a0,9000,8500,Oxyria digyna
individualtimelinenode_c2805b46-f963-491a-b825-766208e247a0,9000,8500,Plantago maritima
individualtimelinenode_c2805b46-f963-491a-b825-766208e247a0,9000,8500,Saxifraga oppositif t.
individualtimelinenode_c2805b46-f963-491a-b825-766208e247a0,9000,8500,Betula
individualtimelinenode_c2805b46-f963-491a-b825-766208e247a0,9000,8500,Lycopodium dubium
individualtimelinenode_c2805b46-f963-491a-b825-766208e247a0,9000,8500,Ranunculus
individualtimelinenode_c2805b46-f963-491a-b825-766208e247a0,9500,9000,Cyperaceae
individualtimelinenode_c2805b46-f963-491a-b825-766208e247a0,9500,9000,Dryopteris t.
individualtimelinenode_c2805b46-f963-491a-b825-766208e247a0,9500,9000,Elymus aren.ssp.mollis
individualtimelinenode_c2805b46-f963-491a-b825-766208e247a0,9500,9000,Empetrum hermaphr.
individualtimelinenode_c2805b46-f963-491a-b825-766208e247a0,9500,9000,Eqisetum
individualtimelinenode_c2805b46-f963-491a-b825-766208e247a0,9500,9000,Ericales sp. indet.
individualtimelinenode_c2805b46-f963-491a-b825-766208e247a0,9500,9000,Ledum
individualtimelinenode_c2805b46-f963-491a-b825-766208e247a0,9500,9000,Oxyria digyna
individualtimelinenode_c2805b46-f963-491a-b825-766208e247a0,9500,9000,Plantago maritima
individualtimelinenode_c2805b46-f963-491a-b825-766208e247a0,9500,9000,Saxifraga oppositif t.
individualtimelinenode_c2805b46-f963-491a-b825-766208e247a0,9500,9000,Betula
individualtimelinenode_c2805b46-f963-491a-b825-766208e247a0,9500,9000,Gramineae
individualtimelinenode_c2805b46-f963-491a-b825-766208e247a0,9500,9000,Lycopodium dubium
individualtimelinenode_c2805b46-f963-491a-b825-766208e247a0,9500,9000,Ranunculus
individualtimelinenode_c2805b46-f963-491a-b825-766208e247a0,10000,9500,Cyperaceae
individualtimelinenode_c2805b46-f963-491a-b825-766208e247a0,10000,9500,Empetrum hermaphr.
individualtimelinenode_c2805b46-f963-491a-b825-766208e247a0,10000,9500,Gramineae
individualtimelinenode_c2805b46-f963-491a-b825-766208e247a0,10000,9500,Ranunculus
individualtimelinenode_c2805b46-f963-491a-b825-766208e247a0,10000,9500,Dryopteris t.
individualtimelinenode_c2805b46-f963-491a-b825-766208e247a0,10000,9500,Ledum
individualtimelinenode_c2805b46-f963-491a-b825-766208e247a0,10000,9500,Oxyria digyna
individualtimelinenode_c2805b46-f963-491a-b825-766208e247a0,10000,9500,Plantago maritima
individualtimelinenode_c2805b46-f963-491a-b825-766208e247a0,10000,9500,Betula
individualtimelinenode_c2805b46-f963-491a-b825-766208e247a0,10000,9500,Stellaria humifasa
individualtimelinenode_c2805b46-f963-491a-b825-766208e247a0,10500,10000,Cyperaceae
individualtimelinenode_c2805b46-f963-491a-b825-766208e247a0,10500,10000,Empetrum hermaphr.
individualtimelinenode_c2805b46-f963-491a-b825-766208e247a0,10500,10000,Gramineae
individualtimelinenode_c2805b46-f963-491a-b825-766208e247a0,10500,10000,Plantago maritima
individualtimelinenode_c2805b46-f963-491a-b825-766208e247a0,10500,10000,Betula
individualtimelinenode_c2805b46-f963-491a-b825-766208e247a0,10500,10000,Dryopteris t.
individualtimelinenode_c2805b46-f963-491a-b825-766208e247a0,10500,10000,Oxyria digyna
individualtimelinenode_c2805b46-f963-491a-b825-766208e247a0,10500,10000,Stellaria humifasa
individualtimelinenode_c2805b46-f963-491a-b825-766208e247a0,11000,10500,Betula
individualtimelinenode_c2805b46-f963-491a-b825-766208e247a0,11000,10500,Cyperaceae
individualtimelinenode_c2805b46-f963-491a-b825-766208e247a0,11000,10500,Dryopteris t.
individualtimelinenode_c2805b46-f963-491a-b825-766208e247a0,11000,10500,Gramineae
individualtimelinenode_c2805b46-f963-491a-b825-766208e247a0,11000,10500,Oxyria digyna
individualtimelinenode_c2805b46-f963-491a-b825-766208e247a0,11000,10500,Stellaria humifasa
